PLAYER_NAME,AGE,TEAM_ABBREVIATION,POS,GP,MPG,FGPG,FGAPG,FG_PCT,FG3PG,FG3APG,FG3_PCT,FTPG,FTAPG,FT_PCT,ORPG,DRPG,RPG,APG,SPG,BPG,TPG,PPG,PFPG,FPPG,DD2,TD3
A.J. Lawson,24.0,TOR,Guard,26,18.7,3.1,7.3,0.421,1.3,3.9,0.327,1.7,2.4,0.683,0.8,2.5,3.3,1.2,0.5,0.2,0.6,9.1,1.7,16.4,2,0
AJ Green,25.0,MIL,Guard,73,22.7,2.5,5.8,0.429,2.1,5.0,0.427,0.3,0.4,0.815,0.2,2.1,2.4,1.5,0.5,0.1,0.5,7.4,2.2,13.8,0,0
AJ Johnson,20.0,WAS,Guard,29,22.0,2.8,7.3,0.385,0.8,3.1,0.267,1.1,1.3,0.865,0.3,1.8,2.0,2.6,0.4,0.1,1.2,7.6,1.7,14.3,0,0
Aaron Gordon,29.0,DEN,Forward,51,28.4,5.2,9.7,0.531,1.5,3.4,0.436,2.8,3.5,0.81,1.6,3.3,4.8,3.2,0.5,0.3,1.4,14.7,1.6,26.0,3,0
Aaron Holiday,28.0,HOU,Guard,62,12.8,1.9,4.3,0.437,1.2,2.9,0.398,0.5,0.7,0.829,0.2,1.0,1.3,1.3,0.3,0.2,0.6,5.5,1.0,9.9,0,0
Aaron Nesmith,25.0,IND,Guard-Forward,45,24.9,4.3,8.4,0.507,1.9,4.3,0.431,1.6,1.8,0.913,0.8,3.1,4.0,1.2,0.8,0.4,0.8,12.0,2.5,21.2,0,0
Aaron Wiggins,26.0,OKC,Guard,76,22.9,4.7,9.6,0.488,1.7,4.5,0.383,1.0,1.2,0.831,1.1,2.8,3.9,1.8,0.8,0.2,0.9,12.0,1.3,21.5,2,0
Adam Flagler,25.0,OKC,Guard,37,5.5,0.7,2.6,0.26,0.4,1.9,0.194,0.0,0.1,0.5,0.2,0.5,0.7,0.3,0.2,0.1,0.1,1.8,0.4,3.9,0,0
Adama Sanogo,23.0,CHI,Forward,4,5.4,1.0,1.8,0.571,0.0,0.0,0.0,0.0,0.0,0.0,1.2,0.2,1.5,0.2,0.0,0.0,0.2,2.0,0.2,3.9,0,0
Adem Bona,22.0,PHI,Forward,58,15.6,2.3,3.3,0.703,0.0,0.0,0.0,1.2,1.7,0.67,1.6,2.6,4.2,0.5,0.4,1.2,1.1,5.8,2.2,15.4,3,0
Ajay Mitchell,23.0,OKC,Guard,36,16.6,2.5,5.1,0.495,0.6,1.7,0.383,0.8,1.0,0.829,0.5,1.4,1.9,1.8,0.7,0.1,0.8,6.5,1.9,13.0,1,0
Al Horford,39.0,BOS,Center-Forward,60,27.6,3.2,7.7,0.423,1.9,5.2,0.363,0.6,0.6,0.895,1.3,4.8,6.2,2.1,0.6,0.8,0.8,9.0,1.4,23.1,7,0
Alec Burks,33.0,MIA,Guard,49,17.6,2.3,5.5,0.424,1.8,4.2,0.425,0.8,1.0,0.776,0.3,2.2,2.5,1.1,0.6,0.1,0.6,7.3,0.8,13.5,0,0
Alex Caruso,31.0,OKC,Guard,54,19.3,2.6,5.8,0.446,1.1,3.1,0.353,0.8,0.9,0.824,0.7,2.2,2.9,2.5,1.6,0.6,0.7,7.1,1.9,20.2,0,0
Alex Ducas,24.0,OKC,Guard,21,6.0,0.6,1.4,0.4,0.5,1.0,0.476,0.1,0.1,1.0,0.4,0.8,1.2,0.2,0.2,0.0,0.2,1.7,0.6,4.1,0,0
Alex Len,32.0,LAL,Center,46,8.3,0.7,1.4,0.508,0.0,0.2,0.222,0.2,0.4,0.471,0.8,1.2,2.1,0.8,0.2,0.5,0.4,1.6,1.2,6.8,0,0
Alex Reese,26.0,PHI,Forward-Center,15,14.4,1.7,3.6,0.481,1.0,2.7,0.366,0.6,0.8,0.75,0.6,2.5,3.1,0.3,0.7,0.7,0.4,5.1,1.4,12.8,0,0
Alex Sarr,20.0,WAS,Center,67,27.1,4.9,12.4,0.394,1.6,5.1,0.308,1.7,2.5,0.679,1.9,4.6,6.5,2.4,0.7,1.5,1.7,13.0,2.2,29.2,10,0
Alondes Williams,26.0,DET,Guard,1,3.7,2.0,2.0,1.0,1.0,1.0,1.0,0.0,0.0,0.0,0.0,0.0,0.0,1.0,0.0,0.0,0.0,5.0,0.0,6.5,0,0
Alperen Sengun,22.0,HOU,Center,76,31.5,7.5,15.0,0.496,0.3,1.2,0.233,3.9,5.6,0.692,3.4,6.9,10.3,4.9,1.1,0.8,2.6,19.1,2.8,42.0,45,4
Amen Thompson,22.0,HOU,Guard-Forward,69,32.3,5.6,10.1,0.557,0.4,1.3,0.275,2.4,3.6,0.684,2.8,5.4,8.2,3.8,1.4,1.3,2.0,14.1,2.4,35.7,21,3
Amir Coffey,28.0,LAC,Guard-Forward,72,24.3,3.3,7.1,0.471,1.4,3.4,0.409,1.6,1.8,0.891,0.4,1.8,2.2,1.1,0.6,0.1,0.6,9.7,1.7,15.3,0,0
Andre Drummond,31.0,PHI,Center,40,18.8,2.9,5.8,0.5,0.1,0.5,0.15,1.4,2.2,0.622,2.7,5.0,7.8,0.8,1.0,0.4,1.4,7.3,2.4,20.8,5,0
Andre Jackson Jr.,23.0,MIL,Guard,67,14.6,1.4,2.9,0.477,0.4,1.1,0.395,0.2,0.4,0.5,1.0,1.7,2.7,1.2,0.5,0.2,0.9,3.4,1.7,9.8,0,0
Andrew Nembhard,25.0,IND,Guard-Forward,65,28.9,3.8,8.3,0.458,0.8,2.7,0.291,1.7,2.1,0.794,0.5,2.8,3.3,5.0,1.2,0.2,1.7,10.0,2.3,24.0,2,0
Andrew Wiggins,30.0,MIA,Forward,60,30.7,6.3,14.0,0.448,2.2,5.8,0.374,3.3,4.3,0.763,1.5,3.0,4.5,2.6,1.0,0.8,1.6,18.0,1.7,31.1,3,0
Anfernee Simons,26.0,POR,Guard,70,32.7,6.8,16.1,0.426,3.1,8.5,0.363,2.5,2.8,0.902,0.4,2.3,2.7,4.8,0.9,0.1,2.0,19.3,1.7,30.5,2,0
Anthony Black,21.0,ORL,Guard,78,24.2,3.4,7.9,0.423,0.8,2.5,0.318,1.9,2.5,0.761,0.7,2.3,2.9,3.1,1.1,0.6,1.8,9.4,2.1,21.0,1,0
Anthony Davis,32.0,DAL,Forward-Center,51,33.4,9.2,17.8,0.516,0.7,2.4,0.282,5.6,7.2,0.775,2.6,8.9,11.6,3.5,1.2,2.2,2.2,24.7,1.9,51.7,36,1
Anthony Edwards,23.0,MIN,Guard,79,36.3,9.1,20.4,0.447,4.1,10.3,0.395,5.3,6.3,0.837,0.8,4.9,5.7,4.5,1.2,0.6,3.2,27.6,1.9,43.4,7,0
Anthony Gill,32.0,WAS,Forward,51,7.8,0.8,1.7,0.489,0.2,0.6,0.323,0.6,1.0,0.66,0.4,0.9,1.3,0.3,0.2,0.0,0.2,2.5,0.6,5.0,0,0
Anton Watson,24.0,NYK,Forward,9,2.5,0.4,1.0,0.444,0.0,0.1,0.0,0.0,0.0,0.0,0.1,0.2,0.3,0.2,0.1,0.0,0.2,0.9,0.3,1.7,0,0
Antonio Reeves,24.0,NOP,Guard,44,15.0,2.6,5.6,0.456,1.2,2.9,0.395,0.6,0.8,0.8,0.4,1.0,1.4,0.9,0.5,0.1,0.7,6.9,0.9,11.0,0,0
Ariel Hukporti,23.0,NYK,Center,25,8.7,0.8,1.2,0.677,0.0,0.0,0.0,0.2,0.5,0.462,0.6,1.5,2.0,0.4,0.0,0.6,0.8,1.9,1.3,6.1,0,0
Armel Traore,22.0,LAL,Forward,9,7.4,0.7,2.1,0.316,0.0,0.8,0.0,0.2,0.8,0.286,0.2,1.4,1.7,0.1,0.4,0.2,0.3,1.6,0.7,5.4,0,0
Ausar Thompson,22.0,DET,Guard-Forward,59,22.5,4.2,7.8,0.535,0.2,0.8,0.224,1.5,2.4,0.641,1.9,3.3,5.1,2.3,1.7,0.7,1.4,10.1,2.8,25.3,3,0
Austin Reaves,27.0,LAL,Guard,73,34.9,6.5,14.2,0.46,2.7,7.3,0.377,4.4,5.0,0.877,0.8,3.7,4.5,5.8,1.1,0.3,2.4,20.2,2.1,36.1,9,1
Ayo Dosunmu,25.0,CHI,Guard,46,30.3,4.8,9.8,0.492,1.3,4.1,0.328,1.3,1.7,0.785,0.6,2.9,3.5,4.5,0.9,0.4,1.5,12.3,2.3,25.8,1,1
Bam Adebayo,27.0,MIA,Center-Forward,78,34.3,6.9,14.3,0.485,1.0,2.8,0.357,3.2,4.2,0.765,2.4,7.2,9.6,4.3,1.3,0.7,2.1,18.1,2.1,39.8,38,1
Baylor Scheierman,24.0,BOS,Guard,31,12.4,1.3,3.5,0.355,0.8,2.6,0.317,0.3,0.4,0.75,0.6,1.5,2.1,1.1,0.5,0.1,0.4,3.6,0.7,9.2,0,0
Ben Sheppard,23.0,IND,Guard,63,19.5,1.9,4.6,0.418,1.1,3.2,0.342,0.4,0.4,0.889,0.7,2.1,2.8,1.3,0.6,0.2,0.3,5.3,2.0,12.8,0,0
Ben Simmons,28.0,LAC,Guard-Forward,51,22.0,2.3,4.4,0.52,0.0,0.0,0.0,0.5,0.6,0.727,0.9,3.8,4.7,5.6,0.7,0.5,2.0,5.0,2.1,20.7,1,0
Bennedict Mathurin,23.0,IND,Guard-Forward,72,29.9,5.4,11.8,0.458,1.4,4.0,0.34,3.8,4.6,0.831,1.2,4.1,5.3,1.9,0.7,0.3,1.9,16.1,2.2,26.4,8,0
Bilal Coulibaly,20.0,WAS,Guard,59,33.0,4.5,10.6,0.421,1.1,3.8,0.281,2.3,3.1,0.746,1.5,3.4,5.0,3.4,1.3,0.7,2.1,12.3,2.4,27.3,3,1
Bismack Biyombo,32.0,SAS,Center,28,18.8,2.4,4.1,0.588,0.0,0.0,0.0,0.4,0.9,0.4,1.5,4.1,5.6,1.1,0.6,0.8,1.0,5.1,1.9,16.8,3,0
Blake Wesley,22.0,SAS,Guard,58,11.8,1.4,3.2,0.435,0.3,1.0,0.293,0.7,1.1,0.623,0.3,0.8,1.1,2.0,0.6,0.1,0.9,3.7,0.8,9.2,0,0
Bobby Portis,30.0,MIL,Forward,49,25.4,5.7,12.1,0.466,1.3,3.6,0.365,1.2,1.5,0.836,1.8,6.6,8.4,2.1,0.7,0.5,1.2,13.9,1.9,29.7,11,0
Bobi Klintman,22.0,DET,Forward,8,5.3,0.8,1.2,0.6,0.2,0.6,0.4,0.1,0.2,0.5,0.1,0.8,0.9,0.9,0.2,0.1,0.1,1.9,1.0,5.2,0,0
Bogdan Bogdanović,32.0,LAC,Guard,54,25.0,3.9,9.1,0.427,1.9,5.4,0.363,1.1,1.2,0.879,0.4,2.5,2.9,2.7,0.8,0.2,1.4,10.8,2.4,19.9,1,0
Bol Bol,25.0,PHX,Center-Forward,36,12.5,2.7,5.1,0.525,0.9,2.6,0.344,0.6,0.7,0.769,0.6,2.3,2.9,0.6,0.2,0.7,0.6,6.8,0.6,13.4,1,0
Bones Hyland,24.0,MIN,Guard,24,9.9,2.0,4.9,0.398,1.3,3.4,0.39,1.0,1.1,0.885,0.2,0.8,1.0,1.3,0.8,0.2,1.0,6.2,1.2,11.2,0,0
Bradley Beal,32.0,PHX,Guard,53,32.1,6.5,13.1,0.497,1.9,5.0,0.386,2.1,2.6,0.803,0.6,2.7,3.3,3.7,1.1,0.5,1.9,17.0,2.6,29.5,1,0
Branden Carlson,26.0,OKC,Center,32,7.7,1.3,3.0,0.443,0.7,2.1,0.333,0.4,0.6,0.778,0.5,1.2,1.7,0.4,0.2,0.7,0.2,3.8,0.7,8.7,1,0
Brandin Podziemski,22.0,GSW,Guard,64,26.8,4.4,9.8,0.445,1.8,4.8,0.372,1.1,1.5,0.758,1.0,4.1,5.1,3.4,1.1,0.2,1.2,11.7,1.5,25.6,2,0
Brandon Boston,23.0,NOP,Guard,42,23.6,4.0,9.1,0.436,1.2,3.3,0.35,1.6,2.0,0.788,0.7,2.5,3.2,2.2,1.3,0.2,1.2,10.7,1.7,21.0,0,0
Brandon Clarke,28.0,MEM,Forward,64,18.9,3.7,5.9,0.621,0.0,0.3,0.059,1.0,1.4,0.701,2.0,3.1,5.1,1.0,0.8,0.6,0.6,8.3,2.3,19.5,2,0
Brandon Ingram,27.0,TOR,Forward,18,33.1,8.6,18.5,0.465,2.4,6.4,0.374,2.6,3.1,0.855,0.9,4.6,5.6,5.2,0.9,0.6,3.8,22.2,2.5,37.3,0,0
Brandon Miller,22.0,CHA,Forward,27,34.2,7.3,18.2,0.403,3.9,10.9,0.355,2.5,2.9,0.861,0.9,3.9,4.9,3.6,1.1,0.7,2.8,21.0,2.7,34.9,2,0
Brandon Williams,25.0,DAL,Guard,33,14.8,3.0,5.7,0.521,0.7,1.8,0.4,1.7,2.0,0.833,0.4,1.4,1.8,2.3,0.7,0.2,1.2,8.3,1.0,15.4,0,0
Braxton Key,28.0,GSW,Forward,3,3.6,0.0,1.3,0.0,0.0,0.3,0.0,1.0,2.0,0.5,0.3,0.3,0.7,0.0,0.7,0.0,0.3,1.0,0.0,3.5,0,0
Brice Sensabaugh,21.0,UTA,Forward,71,20.2,3.9,8.4,0.459,2.2,5.2,0.422,0.9,1.0,0.89,0.6,2.4,3.0,1.5,0.6,0.1,1.5,10.9,1.6,17.5,0,0
Bronny James,20.0,LAL,Guard,27,6.7,0.8,2.5,0.313,0.3,1.2,0.281,0.4,0.5,0.786,0.1,0.5,0.7,0.8,0.3,0.1,0.5,2.3,0.5,5.2,0,0
Brook Lopez,37.0,MIL,Center,80,31.8,4.9,9.7,0.509,1.7,4.7,0.373,1.4,1.7,0.826,1.4,3.6,5.0,1.8,0.6,1.8,1.0,13.0,2.1,28.1,4,0
Bruce Brown,28.0,NOP,Guard-Forward,41,22.5,3.2,7.5,0.421,0.7,2.0,0.333,1.3,1.6,0.815,1.0,3.0,4.0,2.0,0.8,0.2,1.0,8.3,1.7,18.4,0,0
Bruno Fernando,26.0,TOR,Forward-Center,17,8.6,1.5,2.9,0.531,0.0,0.0,0.0,0.4,0.5,0.75,1.2,1.8,3.0,1.1,0.2,0.5,0.8,3.4,1.6,10.1,0,0
Bryce McGowens,22.0,POR,Guard,13,2.5,0.3,1.1,0.286,0.0,0.3,0.0,0.4,0.5,0.833,0.2,0.1,0.2,0.2,0.1,0.0,0.3,1.0,0.2,1.4,0,0
Bub Carrington,19.0,WAS,Guard,82,30.0,3.7,9.1,0.401,1.7,5.0,0.339,0.8,1.0,0.812,0.4,3.8,4.2,4.4,0.7,0.3,1.7,9.8,2.3,22.5,5,0
Buddy Hield,32.0,GSW,Guard,82,22.7,4.0,9.6,0.417,2.5,6.7,0.37,0.6,0.8,0.828,0.6,2.6,3.2,1.6,0.8,0.3,1.1,11.1,1.6,19.7,0,0
CJ McCollum,33.0,NOP,Guard,56,32.7,7.9,17.9,0.444,3.1,8.2,0.373,2.2,3.1,0.717,0.8,3.0,3.8,4.1,0.8,0.4,1.9,21.1,2.2,33.6,0,0
Cade Cunningham,23.0,DET,Guard,70,35.0,9.8,20.8,0.469,2.1,6.0,0.356,4.5,5.3,0.846,0.8,5.3,6.1,9.1,1.0,0.8,4.4,26.1,2.8,48.0,31,9
Caleb Houstan,22.0,ORL,Guard,58,13.6,1.4,3.3,0.421,1.1,2.8,0.4,0.3,0.3,0.882,0.3,1.0,1.3,0.6,0.4,0.1,0.2,4.1,1.1,7.8,0,0
Caleb Martin,29.0,DAL,Forward,45,27.1,2.9,6.8,0.424,0.8,2.3,0.359,1.4,2.2,0.622,1.2,2.8,3.9,2.1,1.0,0.5,1.2,7.9,1.9,19.2,1,0
Cam Christie,19.0,LAC,Guard,13,4.5,0.5,1.8,0.292,0.2,1.0,0.154,0.2,0.3,0.5,0.2,0.7,0.9,0.5,0.4,0.1,0.2,1.4,0.3,4.4,0,0
Cam Reddish,25.0,LAL,Forward-Guard,33,17.9,1.2,2.8,0.404,0.4,1.4,0.277,0.5,0.8,0.615,0.5,1.5,2.0,0.7,1.0,0.3,0.4,3.2,1.3,10.1,0,0
Cam Spencer,25.0,MEM,Guard,25,10.1,1.4,3.3,0.415,0.8,2.1,0.365,0.8,0.8,1.0,0.5,0.7,1.2,1.4,0.4,0.0,0.2,4.2,0.9,8.7,0,0
Cam Thomas,23.0,BKN,Guard,25,31.2,8.0,18.2,0.438,2.7,7.8,0.349,5.3,6.0,0.881,0.6,2.7,3.3,3.8,0.6,0.1,2.5,24.0,1.8,33.1,1,0
Cam Whitmore,20.0,HOU,Forward,51,16.2,3.5,7.9,0.444,1.3,3.6,0.355,1.1,1.4,0.75,0.7,2.3,3.0,1.0,0.6,0.3,0.9,9.4,0.9,16.0,2,0
Cameron Johnson,29.0,BKN,Forward,57,31.6,6.2,13.1,0.475,2.8,7.2,0.39,3.5,3.9,0.893,0.9,3.4,4.3,3.4,0.9,0.4,1.7,18.8,1.8,31.4,2,0
Cameron Payne,30.0,NYK,Guard,72,15.1,2.5,6.2,0.401,1.3,3.6,0.363,0.7,0.8,0.907,0.2,1.2,1.4,2.8,0.5,0.2,0.7,6.9,1.5,14.5,0,0
Caris LeVert,30.0,ATL,Guard,64,24.9,4.4,9.4,0.467,1.7,4.4,0.373,1.7,2.4,0.71,0.6,2.5,3.2,3.4,0.9,0.5,1.2,12.1,1.5,24.0,1,0
Cason Wallace,21.0,OKC,Guard,68,27.6,3.4,7.2,0.474,1.1,3.1,0.356,0.4,0.5,0.811,1.0,2.3,3.4,2.5,1.8,0.5,0.9,8.4,2.1,22.2,0,0
Charles Bassey,24.0,SAS,Center-Forward,36,10.4,1.9,3.2,0.581,0.0,0.0,0.0,0.6,0.9,0.636,1.6,2.7,4.2,0.5,0.4,0.8,0.6,4.4,1.4,13.2,2,0
Chet Holmgren,23.0,OKC,Center-Forward,32,27.4,5.2,10.7,0.49,1.4,3.6,0.379,3.2,4.2,0.754,1.5,6.5,8.0,2.0,0.7,2.2,1.8,15.0,2.2,34.6,11,0
Chris Boucher,32.0,TOR,Forward,50,17.2,3.6,7.4,0.492,1.4,3.9,0.363,1.4,1.7,0.782,1.4,3.1,4.5,0.7,0.5,0.5,0.6,10.0,1.4,18.8,3,0
Chris Duarte,28.0,CHI,Guard,17,4.4,0.7,1.5,0.462,0.4,0.9,0.4,0.4,0.5,0.75,0.3,0.9,1.2,0.5,0.0,0.0,0.1,2.1,0.4,4.3,0,0
Chris Livingston,21.0,MIL,Forward,21,5.0,0.4,1.3,0.333,0.0,0.4,0.0,0.6,0.8,0.75,0.5,1.2,1.7,0.2,0.2,0.0,0.3,1.4,0.4,4.2,0,0
Chris Paul,40.0,SAS,Guard,82,28.0,3.0,7.1,0.427,1.7,4.5,0.377,1.0,1.1,0.924,0.4,3.2,3.6,7.4,1.3,0.3,1.6,8.8,1.8,27.2,12,0
Christian Braun,24.0,DEN,Guard,79,33.9,6.0,10.4,0.58,1.1,2.8,0.397,2.2,2.7,0.827,1.2,3.9,5.2,2.6,1.1,0.5,1.0,15.4,2.2,29.1,6,0
Christian Koloko,25.0,LAL,Center,37,9.2,1.1,1.8,0.606,0.0,0.1,0.0,0.3,0.4,0.714,0.9,1.5,2.5,0.4,0.2,0.4,0.3,2.4,1.2,7.7,0,0
Chuma Okeke,26.0,CLE,Forward,9,21.9,2.2,4.4,0.5,1.2,3.1,0.393,0.2,0.3,0.667,2.3,2.9,5.2,1.7,0.6,0.4,0.3,5.9,0.6,17.3,1,0
Clint Capela,31.0,ATL,Center,55,21.4,4.0,7.1,0.559,0.0,0.0,0.0,0.9,1.8,0.536,3.2,5.4,8.5,1.1,0.6,1.0,0.9,8.9,1.9,24.7,11,0
Coby White,25.0,CHI,Guard,74,33.1,6.9,15.1,0.453,2.9,7.9,0.37,3.7,4.1,0.902,0.3,3.4,3.7,4.5,0.9,0.2,2.4,20.4,2.1,32.6,2,0
Cody Martin,29.0,PHX,Forward,53,22.1,2.6,6.1,0.418,0.8,2.8,0.285,0.8,1.2,0.705,1.0,3.2,4.2,2.0,1.1,0.6,1.0,6.8,1.8,18.8,0,0
Cody Williams,20.0,UTA,Forward,50,21.2,1.7,5.1,0.323,0.7,2.7,0.259,0.6,0.8,0.725,0.5,1.7,2.3,1.2,0.5,0.3,0.9,4.6,1.9,10.5,0,0
Colby Jones,23.0,WAS,Guard,39,13.2,1.5,3.3,0.457,0.4,1.3,0.327,0.6,0.9,0.657,0.5,1.7,2.2,1.1,0.7,0.3,0.6,4.0,0.9,10.8,1,0
Cole Anthony,25.0,MEM,Guard,67,18.4,3.4,8.1,0.424,1.1,3.3,0.353,1.4,1.7,0.823,0.7,2.4,3.0,2.9,0.7,0.5,1.5,9.4,2.3,19.2,0,0
Cole Swider,26.0,TOR,Forward,10,17.0,2.2,6.3,0.349,1.5,4.7,0.319,0.0,0.1,0.0,0.5,2.2,2.7,0.3,0.4,0.2,0.4,5.9,1.2,11.0,0,0
Colin Castleton,25.0,TOR,Center,26,16.6,1.8,3.8,0.469,0.1,0.6,0.125,1.1,1.5,0.763,2.0,2.7,4.7,1.1,0.3,0.4,0.9,4.7,2.0,13.2,0,0
Collin Gillespie,26.0,PHX,Guard,33,14.0,2.1,4.8,0.43,1.2,2.7,0.433,0.6,0.7,0.864,0.7,1.7,2.4,2.4,0.6,0.2,0.5,5.9,0.9,14.1,1,0
Collin Sexton,26.0,UTA,Guard,63,27.9,6.6,13.8,0.48,1.7,4.3,0.406,3.4,4.0,0.865,1.0,1.8,2.7,4.2,0.7,0.1,2.5,18.4,2.3,27.9,2,0
Corey Kispert,26.0,WAS,Forward,61,26.3,4.2,9.3,0.451,2.0,5.4,0.364,1.2,1.4,0.852,0.6,2.4,3.0,1.7,0.4,0.2,1.0,11.6,1.6,18.6,0,0
Cory Joseph,33.0,ORL,Guard,50,12.2,1.2,3.1,0.403,0.8,2.1,0.364,0.3,0.4,0.778,0.3,1.1,1.5,1.4,0.5,0.1,0.4,3.5,1.0,8.9,0,0
Craig Porter Jr.,25.0,CLE,Guard,51,10.1,1.4,2.7,0.514,0.4,0.9,0.438,0.5,0.6,0.719,0.4,0.9,1.3,1.4,0.3,0.3,0.7,3.7,0.5,8.5,0,0
Cui Yongxi,22.0,BKN,Forward,5,2.1,0.2,1.4,0.143,0.0,0.6,0.0,0.2,0.4,0.5,0.0,0.4,0.4,0.0,0.0,0.0,0.0,0.6,0.0,1.1,0,0
D'Angelo Russell,29.0,BKN,Guard,58,25.5,4.3,11.0,0.39,1.9,6.2,0.314,2.1,2.5,0.834,0.3,2.4,2.8,5.1,1.0,0.4,1.9,12.6,2.0,25.9,4,0
D.J. Carton,24.0,TOR,Guard,4,8.3,0.2,1.8,0.143,0.0,0.8,0.0,0.2,0.2,1.0,0.0,1.0,1.0,0.8,0.5,0.0,1.0,0.8,0.2,3.6,0,0
DaQuan Jeffries,27.0,CHA,Guard-Forward,47,22.8,2.5,6.2,0.405,1.2,3.5,0.335,0.5,0.6,0.8,0.8,2.1,2.9,1.1,0.6,0.5,0.7,6.7,2.1,14.4,0,0
Daeqwon Plowden,26.0,ATL,Guard-Forward,6,11.9,2.7,4.2,0.64,1.5,2.8,0.529,0.3,0.3,1.0,0.7,1.2,1.8,0.3,0.0,0.0,0.7,7.2,1.7,9.2,0,0
Daishen Nix,23.0,MIN,Guard,3,4.4,0.0,0.3,0.0,0.0,0.3,0.0,0.3,0.7,0.5,0.0,1.3,1.3,1.0,0.0,0.0,1.3,0.3,0.3,2.1,0,0
Dalano Banton,25.0,POR,Forward,67,16.7,3.0,7.6,0.391,1.1,3.3,0.324,1.4,1.9,0.728,0.4,1.6,2.0,2.4,0.6,0.5,1.3,8.3,0.9,16.5,0,0
Dalen Terry,22.0,CHI,Forward,73,13.5,1.6,3.7,0.448,0.5,1.4,0.356,0.7,0.9,0.71,0.5,1.2,1.7,1.3,0.6,0.2,0.7,4.5,1.6,10.2,0,0
Dalton Knecht,24.0,LAL,Forward,78,19.2,3.3,7.1,0.461,1.6,4.4,0.376,0.8,1.1,0.762,0.5,2.3,2.8,0.8,0.3,0.1,0.5,9.1,1.2,14.4,0,0
Damian Lillard,34.0,MIL,Guard,58,36.1,7.7,17.1,0.448,3.4,9.0,0.376,6.2,6.8,0.921,0.5,4.2,4.7,7.1,1.2,0.2,2.8,24.9,1.7,42.5,14,2
Damion Baugh,24.0,CHA,Guard,15,24.7,2.8,8.7,0.323,0.8,3.7,0.214,0.9,1.0,0.867,0.9,2.4,3.3,3.7,1.0,0.1,2.1,7.3,1.5,18.2,0,0
Damion Lee,32.0,PHX,Guard-Forward,25,5.8,1.1,3.0,0.365,0.4,1.5,0.243,0.8,0.8,0.952,0.1,0.7,0.8,0.4,0.2,0.0,0.4,3.3,0.2,5.3,0,0
Daniel Gafford,26.0,DAL,Forward-Center,57,21.5,5.0,7.1,0.702,0.0,0.0,0.0,2.4,3.4,0.689,2.7,4.1,6.8,1.4,0.4,1.8,1.2,12.3,2.7,28.0,8,0
Daniel Theis,33.0,NOP,Forward-Center,38,16.3,1.6,3.4,0.473,0.2,1.0,0.243,0.8,1.0,0.838,1.2,3.2,4.3,1.6,0.5,0.5,0.7,4.3,1.8,14.2,1,0
Daniss Jenkins,23.0,DET,Guard,7,3.2,0.4,1.4,0.3,0.1,1.0,0.143,0.0,0.3,0.0,0.0,0.3,0.3,0.4,0.0,0.0,0.1,1.0,0.3,1.8,0,0
Danté Exum,29.0,DAL,Guard,20,18.6,3.2,6.7,0.478,1.2,2.6,0.434,1.2,1.6,0.742,0.2,1.4,1.6,2.8,0.6,0.2,1.1,8.7,1.7,16.0,0,0
Dario Šarić,31.0,DEN,Forward-Center,16,13.1,1.3,3.6,0.362,0.4,1.6,0.269,0.4,0.6,0.7,0.9,2.2,3.1,1.4,0.4,0.1,0.9,3.5,1.2,10.0,1,0
Dariq Whitehead,20.0,BKN,Guard-Forward,20,12.3,2.0,4.8,0.406,1.6,3.7,0.446,0.2,0.2,0.6,0.2,1.2,1.4,0.6,0.3,0.0,0.8,5.7,1.1,8.6,0,0
Darius Garland,25.0,CLE,Guard,75,30.7,7.4,15.7,0.472,2.8,7.1,0.401,3.0,3.4,0.878,0.6,2.2,2.9,6.7,1.2,0.1,2.5,20.6,1.9,35.7,7,0
David Duke Jr.,25.0,SAS,Guard,6,5.6,1.0,2.3,0.429,0.5,1.0,0.5,0.2,0.3,0.5,0.2,0.7,0.8,0.7,0.2,0.0,0.3,2.7,0.2,4.8,0,0
David Roddy,24.0,HOU,Forward,33,12.4,1.7,3.8,0.456,0.6,1.8,0.311,0.6,0.8,0.769,0.4,2.2,2.5,1.1,0.4,0.3,0.7,4.6,0.6,10.7,0,0
Davion Mitchell,26.0,MIA,Guard,74,27.4,3.0,6.4,0.468,1.1,2.9,0.398,0.8,1.1,0.69,0.5,1.8,2.3,4.9,1.0,0.2,1.7,7.9,2.5,19.8,1,0
Day'Ron Sharpe,23.0,BKN,Center,50,18.1,3.3,6.3,0.521,0.2,0.9,0.244,1.1,1.5,0.757,3.0,3.6,6.6,1.8,0.8,0.8,1.3,7.9,2.3,22.3,4,0
De'Aaron Fox,27.0,SAS,Guard,62,36.1,8.7,18.8,0.463,1.9,6.1,0.31,4.2,5.1,0.827,0.9,3.9,4.8,6.3,1.5,0.4,2.8,23.5,2.6,41.6,9,0
De'Andre Hunter,27.0,CLE,Forward-Guard,64,27.2,5.6,11.9,0.47,2.5,6.1,0.405,3.4,4.0,0.846,0.7,3.3,4.0,1.4,0.8,0.2,1.3,17.0,2.4,25.7,2,0
De'Anthony Melton,27.0,BKN,Guard,6,20.2,3.7,9.0,0.407,2.2,5.8,0.371,0.8,1.3,0.625,1.0,2.3,3.3,2.8,1.2,0.3,1.7,10.3,3.0,21.4,1,0
DeAndre Jordan,36.0,DEN,Center,56,12.3,1.6,2.5,0.65,0.0,0.0,0.0,0.5,1.1,0.422,1.5,3.6,5.1,0.9,0.3,0.5,0.7,3.7,1.3,12.8,3,0
DeMar DeRozan,35.0,SAC,Guard-Forward,77,35.9,8.1,17.0,0.477,1.1,3.3,0.328,4.9,5.7,0.857,0.6,3.2,3.9,4.4,0.8,0.4,1.4,22.2,1.9,35.8,3,0
Dean Wade,28.0,CLE,Forward-Center,59,21.2,1.9,4.6,0.413,1.4,3.8,0.36,0.3,0.5,0.533,0.9,3.4,4.2,1.3,0.7,0.3,0.4,5.4,1.7,15.2,1,0
Deandre Ayton,26.0,POR,Center,40,30.1,6.6,11.7,0.566,0.2,0.8,0.188,1.0,1.5,0.667,3.1,7.0,10.2,1.6,0.8,1.0,1.7,14.4,2.2,32.5,20,0
Dejounte Murray,28.0,NOP,Guard,31,32.6,6.3,15.9,0.393,1.7,5.6,0.299,3.3,4.0,0.823,0.5,5.9,6.5,7.4,2.0,0.4,3.4,17.5,2.0,40.1,8,1
Delon Wright,33.0,NYK,Guard,40,15.9,1.1,3.3,0.344,0.5,1.8,0.274,0.4,0.6,0.6,0.7,1.0,1.6,1.9,0.9,0.3,0.6,3.1,0.6,11.0,0,0
Deni Avdija,24.0,POR,Forward,72,30.0,5.6,11.7,0.476,1.7,4.8,0.365,4.0,5.2,0.78,1.5,5.7,7.2,3.9,1.0,0.5,2.7,16.9,2.4,33.2,17,2
Dennis Schröder,31.0,DET,Guard,75,28.1,4.5,11.0,0.406,1.7,4.9,0.342,2.4,2.9,0.838,0.4,2.3,2.6,5.4,0.9,0.2,1.9,13.1,2.4,25.5,7,0
Dereck Lively II,21.0,DAL,Center,36,23.1,3.7,5.3,0.702,0.0,0.0,0.0,1.3,2.0,0.63,2.9,4.6,7.5,2.4,0.6,1.6,1.1,8.7,2.8,26.5,8,0
Derrick Jones Jr.,28.0,LAC,Forward,77,24.3,4.0,7.6,0.526,1.0,2.8,0.356,1.1,1.5,0.703,1.2,2.2,3.4,0.8,1.0,0.4,0.9,10.1,2.0,18.9,0,0
Derrick White,30.0,BOS,Guard,76,33.9,5.6,12.6,0.442,3.5,9.1,0.384,1.8,2.1,0.839,0.9,3.6,4.5,4.8,0.9,1.1,1.7,16.4,1.8,33.2,4,0
Desmond Bane,27.0,ORL,Guard,69,32.0,7.1,14.8,0.484,2.4,6.1,0.392,2.6,2.9,0.894,0.9,5.2,6.1,5.3,1.2,0.4,2.4,19.2,2.4,36.8,10,1
Devin Booker,28.0,PHX,Guard,75,37.3,8.7,18.9,0.461,2.4,7.3,0.332,5.8,6.4,0.894,1.0,3.1,4.1,7.1,0.9,0.2,2.9,25.6,2.6,41.5,16,0
Devin Carter,23.0,SAC,Guard,36,11.0,1.3,3.5,0.37,0.5,1.7,0.295,0.7,1.2,0.591,0.5,1.6,2.1,1.1,0.6,0.1,0.5,3.8,1.1,9.7,0,0
Devin Vassell,24.0,SAS,Guard-Forward,64,31.0,6.2,13.9,0.443,2.5,6.7,0.368,1.5,1.9,0.792,0.5,3.5,4.0,2.9,1.3,0.5,1.4,16.3,1.7,29.4,2,0
Dillon Brooks,29.0,HOU,Guard-Forward,75,31.8,5.1,11.9,0.429,2.5,6.3,0.397,1.3,1.6,0.818,1.0,2.7,3.7,1.7,0.8,0.2,1.0,14.0,3.2,23.0,0,0
Dillon Jones,23.0,OKC,Forward,54,10.2,0.9,2.5,0.383,0.3,1.2,0.254,0.3,0.5,0.607,0.6,1.7,2.2,1.1,0.3,0.1,0.5,2.5,1.0,7.4,1,0
Domantas Sabonis,29.0,SAC,Forward-Center,70,34.7,7.5,12.8,0.59,0.9,2.2,0.417,3.1,4.1,0.754,3.8,10.1,13.9,6.0,0.7,0.4,2.9,19.1,3.3,45.1,61,10
Dominick Barlow,22.0,ATL,Forward,35,10.7,1.7,3.2,0.531,0.2,0.8,0.259,0.6,0.9,0.636,1.0,1.4,2.4,0.5,0.3,0.5,0.1,4.2,1.3,10.0,1,0
Donovan Clingan,21.0,POR,Center,67,19.8,2.7,5.0,0.539,0.2,0.7,0.286,0.9,1.6,0.596,3.2,4.6,7.9,1.1,0.5,1.6,1.1,6.5,2.8,23.0,8,0
Donovan Mitchell,28.0,CLE,Guard,71,31.4,8.2,18.6,0.443,3.3,8.9,0.368,4.2,5.1,0.823,0.8,3.7,4.5,5.0,1.3,0.2,2.1,24.0,2.0,39.5,6,0
Donte DiVincenzo,28.0,MIN,Guard,62,25.9,4.0,9.6,0.422,2.8,7.1,0.397,0.8,1.0,0.778,0.5,3.2,3.7,3.6,1.2,0.3,1.6,11.7,1.8,24.3,1,0
Dorian Finney-Smith,32.0,LAL,Forward,63,28.9,3.1,6.9,0.448,2.0,5.0,0.411,0.5,0.7,0.667,1.3,2.7,3.9,1.4,0.9,0.4,0.9,8.7,2.2,18.5,0,0
Doug McDermott,33.0,SAC,Forward,42,8.1,1.2,2.8,0.427,1.0,2.4,0.436,0.1,0.1,0.6,0.1,0.5,0.5,0.2,0.1,0.0,0.1,3.5,0.7,4.7,0,0
Draymond Green,35.0,GSW,Forward,68,29.2,3.2,7.5,0.424,1.2,3.6,0.325,1.5,2.2,0.687,1.1,5.0,6.1,5.6,1.5,1.0,2.6,9.0,3.2,29.7,6,1
Drew Eubanks,28.0,LAC,Forward-Center,61,12.2,1.9,3.2,0.593,0.0,0.1,0.5,0.8,1.2,0.662,1.0,2.7,3.7,0.9,0.2,0.6,0.7,4.6,1.0,12.2,0,0
Drew Peterson,25.0,BOS,Forward,25,7.4,0.7,1.6,0.415,0.5,1.3,0.394,0.3,0.4,0.778,0.4,1.2,1.6,0.5,0.2,0.1,0.3,2.2,0.7,5.4,0,0
Drew Timme,24.0,BKN,Forward,9,28.2,5.0,11.3,0.441,1.0,3.9,0.257,1.1,1.8,0.625,1.9,5.3,7.2,2.2,0.4,0.1,1.7,12.1,2.3,24.1,3,0
Dru Smith,27.0,MIA,Guard,14,19.2,2.2,4.4,0.508,1.1,2.1,0.533,0.6,0.9,0.75,0.9,1.7,2.6,1.6,1.5,0.4,1.2,6.2,2.1,16.3,0,0
Duncan Robinson,31.0,MIA,Forward,74,24.1,3.9,9.0,0.437,2.6,6.5,0.393,0.6,0.7,0.887,0.2,2.0,2.3,2.4,0.5,0.1,1.2,11.0,1.8,18.0,0,0
Duop Reath,29.0,POR,Center,46,10.2,1.5,3.6,0.422,0.7,2.3,0.321,0.4,0.5,0.909,1.0,1.0,2.0,0.6,0.3,0.3,0.3,4.2,0.9,8.8,0,0
Dwight Powell,33.0,DAL,Forward-Center,55,10.0,0.8,1.1,0.689,0.0,0.1,0.4,0.5,0.8,0.651,0.9,1.3,2.1,1.0,0.3,0.4,0.3,2.1,1.4,7.9,0,0
Dyson Daniels,22.0,ATL,Guard,76,33.8,6.0,12.1,0.493,1.1,3.1,0.34,1.1,1.8,0.593,1.6,4.3,5.9,4.4,3.0,0.7,2.0,14.1,2.3,37.0,9,0
E.J. Liddell,24.0,CHI,Forward,12,4.4,0.7,1.2,0.533,0.2,0.8,0.3,0.2,0.2,1.0,0.2,0.5,0.8,0.2,0.1,0.1,0.2,1.8,0.9,3.4,0,0
Elfrid Payton,31.0,NOP,Guard,24,21.3,1.7,5.1,0.328,0.0,0.2,0.167,0.2,0.3,0.571,0.6,2.7,3.3,6.9,1.0,0.5,2.5,3.5,1.5,19.8,2,0
Elijah Harkless,25.0,UTA,Guard,10,13.8,1.1,3.5,0.314,0.7,2.5,0.28,0.3,0.6,0.5,0.9,1.2,2.1,0.8,1.0,0.1,0.3,3.2,1.8,9.9,0,0
Emanuel Miller,25.0,CHI,Forward,6,4.1,0.7,1.3,0.5,0.0,0.2,0.0,0.3,0.3,1.0,0.7,0.7,1.3,0.3,0.2,0.0,0.0,1.7,0.5,4.3,0,0
Emoni Bates,21.0,CLE,Forward,10,7.5,1.3,3.8,0.342,1.1,3.0,0.367,0.0,0.0,0.0,0.0,0.7,0.7,0.8,0.1,0.1,0.2,3.7,0.4,6.1,0,0
Enrique Freeman,24.0,IND,Forward,22,8.2,0.7,1.7,0.432,0.0,0.5,0.1,0.6,0.9,0.684,0.5,0.9,1.4,0.4,0.1,0.1,0.3,2.1,1.0,4.9,0,0
Eric Gordon,36.0,PHI,Guard,39,19.7,2.2,5.2,0.426,1.4,3.5,0.409,0.9,1.2,0.75,0.2,1.0,1.2,1.7,0.7,0.3,0.7,6.8,0.8,12.9,0,0
Evan Mobley,24.0,CLE,Center,71,30.5,7.1,12.8,0.557,1.2,3.2,0.37,3.1,4.3,0.725,2.3,7.0,9.3,3.2,0.9,1.6,2.0,18.5,2.0,39.8,37,0
Franz Wagner,23.0,ORL,Forward,60,33.7,9.0,19.4,0.463,1.7,5.9,0.295,4.5,5.2,0.871,0.9,4.8,5.7,4.7,1.2,0.4,2.3,24.2,2.4,40.6,3,0
Fred VanVleet,31.0,HOU,Guard,60,35.2,4.8,12.6,0.378,2.6,7.7,0.345,1.8,2.3,0.81,0.5,3.2,3.7,5.6,1.6,0.4,1.4,14.1,2.3,31.3,4,0
GG Jackson,20.0,MEM,Forward,29,15.8,2.6,6.9,0.372,1.1,3.3,0.337,1.0,1.4,0.725,0.9,2.2,3.2,1.0,0.4,0.2,1.1,7.2,1.0,13.2,0,0
Gabe Vincent,29.0,LAL,Guard,72,21.2,2.3,5.8,0.4,1.5,4.3,0.353,0.2,0.3,0.714,0.3,1.0,1.3,1.4,0.7,0.2,0.6,6.4,2.1,12.1,0,0
Garrett Temple,39.0,TOR,Guard-Forward,28,8.1,0.6,2.1,0.3,0.2,1.0,0.214,0.4,0.4,0.917,0.3,0.7,1.0,1.1,0.6,0.1,0.4,1.9,0.8,6.5,0,0
Garrison Mathews,28.0,ATL,Guard,47,17.6,2.2,5.5,0.397,1.8,4.6,0.39,1.4,1.7,0.821,0.3,1.6,1.9,1.3,0.6,0.3,0.7,7.5,1.7,13.6,0,0
Gary Harris,30.0,ORL,Guard,48,14.8,1.1,2.8,0.383,0.8,2.1,0.356,0.1,0.2,0.583,0.4,0.9,1.3,0.6,0.5,0.2,0.4,3.0,0.9,7.6,0,0
Gary Payton II,32.0,GSW,Guard,62,15.0,2.8,4.8,0.574,0.5,1.5,0.326,0.4,0.6,0.711,0.9,2.1,3.0,1.3,0.8,0.3,0.6,6.5,1.7,14.8,0,0
Gary Trent Jr.,26.0,MIL,Guard,74,25.6,3.8,8.9,0.431,2.4,5.9,0.416,1.1,1.2,0.848,0.3,2.0,2.3,1.2,1.0,0.1,0.6,11.1,1.7,18.1,0,0
Georges Niang,32.0,ATL,Forward,79,21.5,3.6,7.8,0.461,2.1,5.2,0.406,0.6,0.7,0.793,0.6,2.8,3.4,1.4,0.4,0.2,1.0,9.9,2.5,16.7,1,0
Giannis Antetokounmpo,30.0,MIL,Forward,67,34.2,11.8,19.7,0.601,0.2,0.9,0.222,6.5,10.6,0.617,2.2,9.7,11.9,6.5,0.9,1.2,3.1,30.4,2.3,57.4,55,11
Goga Bitadze,25.0,ORL,Center-Forward,70,20.4,3.0,4.8,0.611,0.0,0.4,0.107,1.2,1.9,0.639,2.4,4.2,6.6,2.0,0.7,1.4,1.0,7.2,2.1,23.3,15,0
Gradey Dick,21.0,TOR,Guard-Forward,54,29.4,4.9,12.0,0.41,2.1,6.0,0.35,2.5,2.9,0.858,0.8,2.8,3.6,1.8,0.9,0.2,1.5,14.4,2.2,23.1,0,0
Grant Williams,26.0,CHA,Forward,16,29.9,3.4,7.7,0.439,1.7,4.6,0.365,1.9,2.3,0.838,1.1,4.0,5.1,2.3,1.1,0.8,1.8,10.4,2.9,24.1,0,0
Grayson Allen,29.0,PHX,Guard,64,24.1,3.4,7.6,0.448,2.3,5.5,0.426,1.5,1.8,0.816,0.5,2.5,3.0,2.1,0.8,0.3,1.2,10.6,1.5,19.7,1,0
Guerschon Yabusele,29.0,PHI,Forward,70,27.1,4.0,8.0,0.501,1.5,3.9,0.38,1.4,2.0,0.725,1.9,3.7,5.6,2.1,0.8,0.3,1.2,11.0,2.3,23.2,3,0
Gui Santos,23.0,GSW,Forward,56,13.6,1.5,3.2,0.458,0.6,1.8,0.33,0.5,0.8,0.69,1.3,1.8,3.1,1.4,0.4,0.2,0.8,4.1,1.6,11.0,0,0
Harrison Barnes,33.0,SAS,Forward,82,27.2,4.2,8.3,0.508,1.9,4.4,0.433,2.0,2.4,0.809,1.2,2.6,3.8,1.7,0.5,0.2,0.6,12.3,0.9,20.7,1,0
Harrison Ingram,22.0,SAS,Forward,5,7.0,0.4,0.8,0.5,0.0,0.2,0.0,0.0,0.0,0.0,0.4,1.4,1.8,0.6,0.6,0.0,0.2,0.8,0.4,5.5,0,0
Haywood Highsmith,28.0,MIA,Forward,74,24.6,2.4,5.3,0.458,1.2,3.1,0.382,0.4,0.6,0.721,1.0,2.4,3.4,1.5,0.9,0.5,0.7,6.5,2.2,16.3,0,0
Herbert Jones,26.0,NOP,Forward,20,32.4,3.8,8.6,0.436,1.1,3.6,0.306,1.6,2.0,0.825,1.1,2.8,3.9,3.2,1.8,0.4,1.8,10.2,3.3,25.0,0,0
Hunter Tyson,25.0,DEN,Forward,51,7.8,0.9,2.4,0.375,0.5,1.5,0.311,0.4,0.5,0.75,0.5,1.0,1.5,0.4,0.2,0.1,0.3,2.6,0.9,5.7,0,0
Immanuel Quickley,26.0,TOR,Guard,33,27.8,5.6,13.3,0.42,2.6,6.8,0.378,3.4,3.9,0.867,0.5,3.1,3.5,5.8,0.7,0.1,1.8,17.1,1.8,30.7,2,0
Isaac Jones,24.0,SAC,Forward,40,7.6,1.4,2.1,0.651,0.1,0.2,0.375,0.6,0.9,0.639,0.6,0.9,1.4,0.3,0.1,0.2,0.4,3.4,0.8,6.2,0,0
Isaac Okoro,24.0,CLE,Forward-Guard,55,19.1,2.3,4.9,0.464,1.0,2.7,0.371,0.6,0.8,0.717,0.9,1.5,2.4,1.2,0.6,0.3,0.4,6.1,1.9,13.0,0,0
Isaiah Collier,20.0,UTA,Guard,71,25.9,3.3,7.8,0.422,0.6,2.4,0.249,1.5,2.2,0.682,0.5,2.9,3.3,6.3,0.9,0.2,2.9,8.7,2.1,22.6,11,0
Isaiah Crawford,23.0,SAC,Forward,15,3.0,0.3,0.7,0.455,0.1,0.3,0.2,0.1,0.3,0.5,0.1,0.5,0.5,0.1,0.1,0.1,0.1,0.9,0.1,2.1,0,0
Isaiah Hartenstein,27.0,OKC,Center-Forward,57,27.9,4.9,8.4,0.581,0.0,0.3,0.0,1.4,2.1,0.675,2.9,7.9,10.7,3.8,0.8,1.1,1.7,11.2,3.0,33.9,28,0
Isaiah Jackson,23.0,IND,Forward,5,16.8,2.8,4.6,0.609,0.0,0.0,0.0,1.4,2.8,0.5,2.2,3.4,5.6,1.0,0.6,1.6,1.0,7.0,2.8,20.8,0,0
Isaiah Joe,25.0,OKC,Guard,74,21.7,3.5,7.9,0.44,2.6,6.3,0.412,0.6,0.8,0.821,0.6,2.1,2.6,1.6,0.6,0.1,0.5,10.2,1.5,17.6,0,0
Isaiah Mobley,25.0,PHI,Forward,1,17.4,2.0,7.0,0.286,1.0,3.0,0.333,1.0,2.0,0.5,1.0,3.0,4.0,5.0,1.0,1.0,0.0,6.0,3.0,24.3,0,0
Isaiah Stevens,24.0,MIA,Guard,3,1.8,0.0,0.7,0.0,0.0,0.3,0.0,0.0,0.0,0.0,0.0,0.7,0.7,0.0,0.3,0.0,0.0,0.0,0.0,1.8,0,0
Isaiah Stewart,24.0,DET,Forward-Center,72,19.9,2.4,4.4,0.559,0.2,0.7,0.321,0.9,1.2,0.759,1.8,3.7,5.5,1.7,0.4,1.4,0.9,6.0,2.5,19.7,2,0
Isaiah Wong,24.0,CHA,Guard,20,13.3,2.0,5.2,0.39,0.6,1.6,0.394,1.2,1.7,0.735,0.7,0.9,1.6,1.4,0.6,0.0,0.9,6.0,1.0,10.8,0,0
Ivica Zubac,28.0,LAC,Center,80,32.8,7.4,11.8,0.628,0.0,0.0,0.0,2.0,3.0,0.661,3.8,8.9,12.6,2.7,0.7,1.1,1.6,16.8,2.1,39.8,59,1
JD Davison,22.0,BOS,Guard,16,5.8,0.8,2.1,0.353,0.2,1.1,0.222,0.3,0.4,0.714,0.1,0.7,0.8,0.8,0.3,0.1,0.8,2.1,0.1,4.6,0,0
JT Thor,22.0,WAS,Forward,20,12.5,1.2,3.0,0.424,0.3,1.0,0.286,0.8,1.1,0.682,1.0,1.4,2.4,0.3,0.4,0.4,0.4,3.6,0.8,9.0,0,0
Ja Morant,25.0,MEM,Guard,50,30.4,8.1,17.8,0.454,1.8,5.7,0.309,5.3,6.4,0.824,0.7,3.4,4.1,7.3,1.2,0.2,3.7,23.2,2.3,39.7,13,1
Ja'Kobe Walter,20.0,TOR,Guard,52,21.2,3.1,7.6,0.405,1.2,3.6,0.349,1.3,1.6,0.795,1.1,1.9,3.1,1.6,0.8,0.2,1.0,8.6,1.8,16.8,1,0
Jabari Smith Jr.,22.0,HOU,Forward,57,30.1,4.4,9.9,0.438,1.7,4.9,0.354,1.8,2.2,0.825,1.8,5.2,7.0,1.1,0.4,0.7,1.1,12.2,2.2,24.6,8,0
Jabari Walker,22.0,POR,Forward,60,12.5,2.0,3.8,0.515,0.5,1.2,0.389,0.8,1.2,0.69,1.0,2.5,3.5,0.6,0.6,0.1,0.6,5.2,1.4,11.7,1,0
Jack McVeigh,29.0,HOU,Guard-Forward,9,4.8,0.6,1.9,0.294,0.4,1.4,0.308,0.0,0.0,0.0,0.2,0.3,0.6,0.1,0.0,0.2,0.2,1.6,0.3,2.8,0,0
Jackson Rowe,28.0,GSW,Forward,6,8.6,1.3,2.8,0.471,0.5,1.7,0.3,0.5,1.0,0.5,0.5,1.3,1.8,0.7,0.7,0.0,0.2,3.7,0.7,8.7,0,0
Jacob Toppin,25.0,ATL,Forward,17,4.4,0.5,1.3,0.409,0.3,0.6,0.5,0.0,0.0,0.0,0.2,0.7,0.9,0.4,0.1,0.0,0.2,1.4,0.2,3.1,0,0
Jaden Hardy,22.0,DAL,Guard,57,15.9,3.2,7.3,0.435,1.3,3.5,0.386,1.1,1.5,0.698,0.2,1.4,1.6,1.4,0.5,0.1,1.4,8.7,1.6,13.0,0,0
Jaden Ivey,23.0,DET,Guard,30,29.9,6.3,13.8,0.46,2.1,5.1,0.409,2.8,3.9,0.733,1.3,2.8,4.1,4.0,0.9,0.4,3.0,17.6,2.2,29.4,0,0
Jaden McDaniels,24.0,MIN,Forward,82,31.9,4.9,10.2,0.477,1.2,3.7,0.33,1.3,1.6,0.813,1.6,4.2,5.7,2.0,1.3,0.9,1.2,12.2,2.7,27.6,10,0
Jaden Springer,22.0,UTA,Guard,43,8.5,0.8,2.1,0.389,0.3,1.1,0.25,0.6,0.9,0.711,0.4,1.0,1.3,0.8,0.6,0.1,0.4,2.5,1.0,6.9,0,0
Jae Crowder,34.0,SAC,Forward,9,11.4,0.8,2.4,0.318,0.4,1.7,0.267,0.6,0.7,0.833,0.7,1.6,2.2,0.7,0.3,0.0,0.4,2.6,1.1,6.8,0,0
Jae'Sean Tate,29.0,HOU,Forward,52,11.3,1.3,2.8,0.473,0.3,0.9,0.348,0.6,0.9,0.681,1.0,1.3,2.2,0.9,0.5,0.1,0.4,3.6,1.6,9.2,0,0
Jahlil Okafor,29.0,IND,Center-Forward,1,3.4,0.0,0.0,0.0,0.0,0.0,0.0,0.0,0.0,0.0,0.0,1.0,1.0,1.0,0.0,0.0,0.0,0.0,0.0,2.7,0,0
Jahmir Young,24.0,CHI,Guard,6,4.9,0.7,0.8,0.8,0.2,0.3,0.5,0.3,0.3,1.0,0.2,0.3,0.5,1.0,0.0,0.0,0.2,1.8,0.3,3.8,0,0
Jaime Jaquez Jr.,24.0,MIA,Guard,66,20.7,3.2,7.0,0.461,0.6,1.8,0.311,1.6,2.2,0.754,1.3,3.1,4.4,2.5,0.9,0.2,1.5,8.6,1.2,19.6,3,1
Jake LaRavia,23.0,SAC,Forward,66,20.4,2.4,5.1,0.475,0.9,2.2,0.423,1.2,1.7,0.678,1.4,2.6,3.9,2.4,0.9,0.3,1.3,6.9,2.0,17.8,2,0
Jakob Poeltl,29.0,TOR,Center,57,29.6,6.4,10.2,0.627,0.0,0.1,0.333,1.7,2.5,0.674,3.3,6.3,9.6,2.8,1.2,1.2,1.9,14.5,3.1,35.4,23,0
Jalen Bridges,24.0,PHX,Forward,8,3.8,0.2,0.9,0.286,0.2,0.9,0.286,0.4,0.5,0.75,0.0,0.5,0.5,0.0,0.0,0.0,0.5,1.1,0.0,1.2,0,0
Jalen Brunson,28.0,NYK,Guard,65,35.4,9.0,18.5,0.488,2.3,6.1,0.383,5.7,6.9,0.821,0.4,2.5,2.9,7.3,0.9,0.1,2.5,26.0,2.1,41.0,14,0
Jalen Duren,21.0,DET,Center,78,26.1,4.8,7.0,0.692,0.0,0.0,0.0,2.1,3.1,0.669,3.6,6.8,10.3,2.7,0.7,1.1,1.7,11.8,3.2,32.0,41,0
Jalen Green,23.0,HOU,Guard,82,32.9,7.4,17.5,0.423,2.9,8.1,0.354,3.3,4.1,0.813,0.5,4.0,4.6,3.4,0.9,0.3,2.5,21.0,1.5,32.8,4,0
Jalen Hood-Schifino,22.0,PHI,Guard,15,21.0,2.5,6.5,0.378,0.9,3.1,0.304,1.2,1.4,0.857,0.2,1.6,1.8,2.5,0.3,0.5,1.2,7.1,1.7,14.1,0,0
Jalen Johnson,23.0,ATL,Forward,36,35.7,7.5,15.1,0.5,1.2,3.9,0.312,2.6,3.5,0.746,1.7,8.2,10.0,5.0,1.6,1.0,2.9,18.9,1.9,43.1,20,1
Jalen McDaniels,27.0,WAS,Forward,4,1.8,0.0,0.0,0.0,0.0,0.0,0.0,0.0,0.0,0.0,0.0,0.0,0.0,0.2,0.2,0.0,0.0,0.0,0.0,1.1,0,0
Jalen Pickett,25.0,DEN,Guard,49,13.6,1.6,3.7,0.428,0.8,2.1,0.396,0.1,0.2,0.75,0.3,1.1,1.4,2.2,0.4,0.1,0.5,4.1,0.8,10.1,1,1
Jalen Smith,25.0,CHI,Forward-Center,64,15.0,3.0,6.4,0.466,1.1,3.5,0.324,1.1,1.4,0.809,1.4,4.2,5.6,1.0,0.3,0.7,0.6,8.2,1.5,18.7,4,0
Jalen Suggs,24.0,ORL,Guard,35,28.6,5.6,13.7,0.41,2.2,6.9,0.314,2.8,3.1,0.882,0.7,3.4,4.0,3.7,1.5,0.9,2.9,16.2,2.8,30.8,0,0
Jalen Williams,24.0,OKC,Guard-Forward,69,32.4,8.2,16.9,0.484,1.8,4.9,0.365,3.4,4.3,0.789,0.9,4.5,5.3,5.1,1.6,0.7,2.2,21.6,2.3,40.4,3,0
Jalen Wilson,24.0,BKN,Forward,79,25.7,3.1,7.8,0.397,1.5,4.6,0.337,1.7,2.1,0.818,0.9,2.5,3.4,1.8,0.5,0.1,1.0,9.5,2.1,17.0,0,0
Jamal Cain,26.0,NOP,Forward,37,13.6,1.8,4.3,0.43,0.7,2.2,0.325,0.9,1.4,0.68,0.7,1.6,2.3,0.6,0.6,0.2,0.6,5.3,1.2,10.9,0,0
Jamal Murray,28.0,DEN,Guard,67,36.1,7.9,16.7,0.474,2.3,5.9,0.393,3.3,3.7,0.886,0.7,3.2,3.9,6.0,1.4,0.5,2.1,21.4,1.9,38.6,5,0
Jamal Shead,22.0,TOR,Guard,75,19.6,2.7,6.7,0.405,1.0,3.0,0.323,0.7,0.9,0.768,0.4,1.1,1.5,4.2,0.8,0.1,1.6,7.1,2.1,16.4,1,0
Jamaree Bouyea,26.0,MIL,Guard,5,12.3,1.2,2.4,0.5,0.2,1.0,0.2,0.8,1.2,0.667,0.2,0.8,1.0,2.0,0.8,0.4,1.6,3.4,0.4,9.6,0,0
James Harden,35.0,LAC,Guard,79,35.3,6.7,16.4,0.41,3.0,8.5,0.352,6.4,7.3,0.874,0.7,5.1,5.8,8.7,1.5,0.7,4.3,22.8,2.1,45.0,38,3
James Johnson,38.0,IND,Forward,12,3.1,0.3,0.9,0.364,0.0,0.2,0.0,0.0,0.1,0.0,0.0,0.5,0.5,0.3,0.0,0.2,0.3,0.7,0.4,1.9,0,0
James Wiseman,24.0,IND,Center,1,4.6,2.0,4.0,0.5,0.0,1.0,0.0,2.0,2.0,1.0,0.0,1.0,1.0,0.0,0.0,0.0,0.0,6.0,0.0,7.2,0,0
Jamison Battle,24.0,TOR,Forward,59,17.7,2.5,5.9,0.429,1.8,4.4,0.405,0.3,0.3,0.889,0.6,2.1,2.7,0.9,0.3,0.2,0.5,7.1,1.6,12.6,0,0
Jarace Walker,21.0,IND,Forward,75,15.8,2.3,4.8,0.472,1.0,2.5,0.405,0.6,0.9,0.667,0.3,2.7,3.1,1.5,0.7,0.3,1.0,6.1,1.5,14.1,0,0
Jared Butler,24.0,PHI,Guard,60,17.4,3.4,7.6,0.448,1.0,2.8,0.355,1.2,1.5,0.824,0.4,1.4,1.8,3.7,0.7,0.2,1.3,9.0,1.6,18.1,1,0
Jared McCain,21.0,PHI,Guard,23,25.7,5.5,11.9,0.46,2.2,5.8,0.383,2.1,2.4,0.875,0.6,1.9,2.4,2.6,0.7,0.0,1.6,15.3,1.6,22.5,1,0
Jared Rhoden,25.0,TOR,Guard,14,16.2,3.0,6.2,0.483,0.9,2.8,0.308,1.6,1.8,0.88,1.0,2.0,3.0,1.1,0.7,0.1,0.6,8.4,1.4,15.7,1,0
Jaren Jackson Jr.,25.0,MEM,Forward-Center,74,29.8,8.0,16.4,0.488,2.0,5.3,0.375,4.2,5.4,0.781,1.2,4.4,5.6,2.0,1.2,1.5,2.1,22.2,3.5,38.2,6,0
Jarred Vanderbilt,26.0,LAL,Forward,36,16.1,1.6,3.4,0.488,0.2,0.9,0.281,0.6,1.0,0.556,1.9,3.2,5.1,1.1,1.0,0.3,0.8,4.1,1.9,14.8,0,0
Jarrett Allen,27.0,CLE,Center,82,28.0,5.5,7.8,0.706,0.0,0.1,0.0,2.4,3.4,0.718,2.6,7.1,9.7,1.9,0.9,0.9,1.2,13.5,1.5,32.3,40,0
Javonte Green,31.0,CLE,Guard,68,18.5,1.8,4.2,0.429,0.7,2.1,0.326,0.8,1.1,0.724,0.9,2.3,3.2,0.8,1.0,0.5,0.5,5.1,1.4,14.0,0,0
Jaxson Hayes,25.0,LAL,Center-Forward,56,19.5,2.9,4.0,0.722,0.0,0.1,0.0,1.1,1.8,0.622,1.4,3.4,4.8,1.0,0.6,0.9,0.8,6.8,2.4,17.8,2,0
Jay Huff,27.0,MEM,Center,64,11.7,2.5,4.8,0.515,1.3,3.1,0.405,0.7,0.9,0.786,0.5,1.5,2.0,0.6,0.2,0.9,0.5,6.9,1.2,13.0,0,0
Jaylen Brown,28.0,BOS,Guard-Forward,63,34.3,8.2,17.7,0.463,1.8,5.7,0.324,3.9,5.1,0.764,1.3,4.5,5.8,4.5,1.2,0.3,2.6,22.2,2.4,37.8,5,0
Jaylen Clark,23.0,MIN,Guard,40,13.0,1.4,3.0,0.467,0.6,1.3,0.431,0.7,0.9,0.784,0.6,0.7,1.3,0.6,0.9,0.0,0.2,4.1,1.5,9.3,0,0
Jaylen Martin,21.0,WAS,Guard,16,14.9,1.9,4.6,0.419,0.4,1.4,0.304,0.6,0.6,0.9,0.7,2.1,2.8,1.1,0.6,0.0,0.8,4.9,0.9,10.7,0,0
Jaylen Nowell,25.0,NOP,Guard,8,21.0,3.2,9.1,0.356,1.0,3.4,0.296,0.9,1.4,0.636,0.8,1.8,2.5,2.2,0.1,0.5,1.0,8.4,1.1,15.6,0,0
Jaylen Sims,26.0,CHA,Guard,6,18.6,2.0,4.7,0.429,1.0,2.5,0.4,2.0,2.5,0.8,0.5,0.5,1.0,2.0,0.5,0.2,1.3,7.0,1.7,11.9,0,0
Jaylen Wells,21.0,MEM,Forward,79,25.9,3.6,8.6,0.425,1.7,5.0,0.352,1.4,1.7,0.822,1.1,2.3,3.4,1.7,0.6,0.1,0.9,10.4,1.8,18.2,1,0
Jaylin Williams,23.0,OKC,Forward,47,16.7,2.1,4.7,0.439,1.3,3.3,0.399,0.5,0.6,0.767,1.0,4.6,5.6,2.6,0.5,0.6,0.7,5.9,1.7,18.9,4,3
Jaylon Tyson,22.0,CLE,Guard-Forward,47,9.6,1.4,3.2,0.43,0.4,1.2,0.345,0.4,0.5,0.792,0.8,1.3,2.0,0.9,0.3,0.1,0.6,3.6,1.1,7.9,1,0
Jayson Tatum,27.0,BOS,Forward-Guard,72,36.4,9.2,20.3,0.452,3.5,10.1,0.343,5.0,6.1,0.814,0.7,8.0,8.7,6.0,1.1,0.5,2.9,26.8,2.2,48.0,31,2
Jazian Gortman,22.0,DAL,Guard,16,3.5,0.6,1.4,0.391,0.2,0.7,0.364,0.1,0.2,0.5,0.1,0.2,0.3,0.4,0.1,0.1,0.3,1.5,0.6,2.7,0,0
Jeff Dowtin Jr.,28.0,PHI,Guard,41,15.1,2.7,5.6,0.487,0.7,1.7,0.4,0.8,1.1,0.733,0.3,1.2,1.5,1.9,0.6,0.3,0.4,7.0,0.7,13.8,0,0
Jeff Green,38.0,HOU,Forward,32,12.4,1.9,3.8,0.504,0.9,2.5,0.367,0.7,0.8,0.808,0.3,1.5,1.8,0.6,0.2,0.1,0.3,5.4,1.0,9.1,0,0
Jerami Grant,31.0,POR,Forward,47,32.4,4.6,12.2,0.373,2.3,6.3,0.365,3.0,3.5,0.849,0.6,2.9,3.5,2.1,0.9,1.0,1.4,14.4,2.3,26.0,0,0
Jeremiah Robinson-Earl,24.0,NOP,Forward,66,18.8,2.4,5.3,0.455,0.8,2.5,0.341,0.7,0.8,0.836,1.7,3.1,4.8,1.3,0.6,0.1,0.8,6.3,1.2,15.4,4,0
Jeremy Sochan,22.0,SAS,Forward,54,25.3,4.6,8.7,0.535,0.5,1.7,0.308,1.6,2.3,0.696,2.4,4.2,6.5,2.4,0.8,0.5,1.6,11.4,2.4,25.2,8,0
Jericho Sims,26.0,MIL,Center,53,11.9,0.8,1.3,0.634,0.0,0.0,0.0,0.2,0.2,0.615,1.3,2.4,3.7,0.6,0.2,0.4,0.6,1.8,1.2,8.3,0,0
Jesse Edwards,25.0,MIN,Center,2,2.3,0.0,0.0,0.0,0.0,0.0,0.0,0.0,0.0,0.0,0.0,0.0,0.0,0.5,0.0,0.0,0.0,0.0,1.0,0.8,0,0
Jett Howard,21.0,ORL,Guard,60,11.7,1.6,4.4,0.374,0.9,3.1,0.296,0.3,0.4,0.696,0.3,0.8,1.2,0.7,0.2,0.2,0.6,4.4,1.1,7.6,0,0
Jevon Carter,29.0,CHI,Guard,36,8.9,1.5,4.1,0.377,1.0,2.9,0.333,0.2,0.3,0.8,0.1,1.0,1.1,1.1,0.4,0.1,0.3,4.2,0.4,8.2,0,0
Jimmy Butler III,35.0,GSW,Forward,55,31.7,5.5,10.9,0.504,0.6,1.9,0.308,6.0,7.1,0.842,2.3,3.1,5.4,5.4,1.4,0.3,1.3,17.5,0.9,35.9,6,3
Jock Landale,29.0,HOU,Center,42,11.9,1.9,3.6,0.533,0.3,0.6,0.423,0.6,1.0,0.675,1.3,1.9,3.3,0.9,0.3,0.2,0.5,4.8,1.2,11.1,1,0
Joe Ingles,37.0,MIN,Forward-Guard,19,6.0,0.3,1.2,0.261,0.2,0.8,0.2,0.0,0.0,0.0,0.1,0.5,0.6,1.2,0.1,0.0,0.5,0.8,0.6,3.1,0,0
Joel Embiid,31.0,PHI,Center-Forward,19,30.2,7.4,16.6,0.444,1.2,4.1,0.299,7.8,8.9,0.882,1.9,6.3,8.2,4.5,0.7,0.9,3.3,23.8,2.2,42.1,7,1
John Collins,27.0,UTA,Forward-Center,40,30.5,7.0,13.3,0.527,1.5,3.7,0.399,3.5,4.1,0.848,2.2,6.0,8.2,2.0,1.0,1.0,2.6,19.0,2.9,35.1,13,0
John Konchar,29.0,MEM,Guard,46,12.1,0.9,2.0,0.451,0.5,1.3,0.371,0.2,0.2,0.875,0.8,2.5,3.3,0.9,0.7,0.3,0.3,2.4,0.7,10.3,0,0
Johnny Davis,23.0,WAS,Guard,34,7.1,0.9,2.3,0.41,0.2,0.9,0.241,0.3,0.4,0.6,0.3,0.8,1.1,0.3,0.4,0.2,0.2,2.4,0.5,5.8,0,0
Johnny Furphy,20.0,IND,Guard,50,7.6,0.7,1.8,0.38,0.3,1.0,0.3,0.4,0.4,0.818,0.5,1.0,1.4,0.4,0.4,0.2,0.2,2.1,0.8,5.8,0,0
Johnny Juzang,24.0,UTA,Guard,64,19.8,3.2,7.4,0.429,1.8,4.9,0.376,0.7,0.8,0.849,0.7,2.2,2.9,1.1,0.6,0.1,0.6,8.9,2.0,15.6,0,0
Jonas Valančiūnas,33.0,SAC,Center,81,18.8,4.3,7.7,0.55,0.1,0.5,0.216,1.8,2.0,0.879,2.3,5.4,7.7,2.0,0.5,0.6,1.5,10.4,2.2,24.3,21,0
Jonathan Isaac,27.0,ORL,Forward,71,15.4,1.9,4.6,0.414,0.5,2.1,0.258,1.0,1.5,0.682,1.7,2.7,4.4,0.6,0.9,1.1,0.5,5.4,1.3,17.0,2,0
Jonathan Kuminga,22.0,GSW,Forward,47,24.3,5.5,12.1,0.454,1.0,3.2,0.305,3.3,5.0,0.668,1.2,3.4,4.6,2.2,0.8,0.4,1.5,15.3,1.9,26.4,2,0
Jonathan Mogbo,23.0,TOR,Forward,63,20.4,2.5,5.7,0.438,0.3,1.1,0.243,1.0,1.3,0.732,1.7,3.2,4.9,2.3,0.9,0.5,1.1,6.2,2.2,18.7,3,1
Jordan Clarkson,33.0,UTA,Guard,37,26.0,5.4,13.3,0.408,2.3,6.3,0.362,3.1,3.9,0.797,0.7,2.5,3.2,3.7,0.8,0.2,2.3,16.2,1.4,26.6,0,0
Jordan Goodwin,26.0,LAL,Guard,29,18.7,2.2,5.0,0.438,0.9,2.3,0.382,0.3,0.4,0.818,1.3,2.6,3.9,1.4,1.0,0.4,0.9,5.6,1.5,15.7,0,0
Jordan Hawkins,23.0,NOP,Guard,56,23.6,3.7,9.9,0.372,2.0,5.9,0.331,1.4,1.8,0.816,0.4,2.4,2.8,1.2,0.5,0.4,1.0,10.8,0.9,17.7,0,0
Jordan McLaughlin,29.0,SAS,Guard,46,6.8,0.7,1.6,0.431,0.4,1.0,0.413,0.4,0.5,0.773,0.1,0.5,0.7,1.1,0.3,0.0,0.3,2.1,0.4,5.3,0,0
Jordan Miller,25.0,LAC,Guard,37,11.4,1.6,3.6,0.433,0.2,1.0,0.211,0.8,0.9,0.8,0.6,0.9,1.6,0.9,0.5,0.1,0.7,4.1,0.7,8.4,0,0
Jordan Poole,26.0,WAS,Guard,68,29.4,6.7,15.5,0.432,3.5,9.1,0.378,3.6,4.0,0.883,0.5,2.5,3.0,4.5,1.3,0.4,3.0,20.5,3.0,32.7,1,0
Jordan Walsh,21.0,BOS,Guard,52,7.8,0.6,1.6,0.361,0.3,1.1,0.273,0.1,0.2,0.583,0.4,0.9,1.3,0.4,0.2,0.2,0.3,1.6,0.6,4.7,0,0
Jose Alvarado,27.0,NOP,Guard,56,24.4,3.6,9.3,0.392,2.0,5.5,0.359,1.1,1.3,0.811,0.5,1.9,2.4,4.6,1.3,0.2,1.5,10.3,1.6,23.4,2,0
Josh Christopher,23.0,MIA,Guard,14,5.0,0.8,2.2,0.355,0.1,0.8,0.182,0.3,0.4,0.667,0.0,0.6,0.6,0.6,0.4,0.2,0.4,2.0,0.1,4.9,0,0
Josh Giddey,22.0,CHI,Guard,70,30.2,5.3,11.4,0.465,1.5,4.0,0.378,2.5,3.2,0.781,1.8,6.3,8.1,7.2,1.2,0.6,2.9,14.6,1.7,37.7,30,7
Josh Green,24.0,CHA,Guard,68,27.8,2.6,6.2,0.428,1.4,3.6,0.391,0.7,1.1,0.681,0.8,1.7,2.5,1.6,1.1,0.2,1.0,7.4,2.4,15.8,0,0
Josh Hart,30.0,NYK,Guard,77,37.6,5.2,10.0,0.525,1.1,3.3,0.333,2.1,2.7,0.776,2.1,7.5,9.6,5.9,1.5,0.4,2.1,13.6,2.6,37.6,34,9
Josh Minott,22.0,MIN,Forward,46,6.0,1.0,2.0,0.489,0.3,0.9,0.326,0.4,0.4,0.895,0.3,0.8,1.0,0.4,0.3,0.3,0.2,2.6,0.7,5.9,0,0
Josh Okogie,26.0,CHA,Guard,40,15.6,2.4,5.3,0.443,0.8,2.3,0.348,1.6,2.1,0.741,1.1,1.7,2.8,0.8,1.2,0.4,0.8,7.1,1.2,15.9,1,0
Josh Richardson,31.0,MIA,Guard,8,18.7,1.4,4.8,0.289,0.8,2.8,0.273,0.5,0.5,1.0,0.8,0.8,1.5,1.5,1.0,0.1,1.0,4.0,2.1,10.4,0,0
Jrue Holiday,35.0,BOS,Guard,62,30.6,4.1,9.2,0.443,1.7,4.9,0.353,1.1,1.2,0.909,1.2,3.0,4.3,3.9,1.1,0.4,1.2,11.1,1.6,25.2,1,0
Julian Champagnie,24.0,SAS,Forward,82,23.6,3.4,8.1,0.415,2.2,5.9,0.371,1.0,1.1,0.904,0.8,3.1,3.9,1.4,0.7,0.4,0.9,9.9,1.4,19.2,0,0
Julian Phillips,21.0,CHI,Forward,79,14.2,1.6,3.6,0.446,0.6,1.9,0.327,0.8,1.0,0.789,0.8,1.3,2.1,0.5,0.5,0.3,0.3,4.6,1.4,9.8,0,0
Julian Strawther,23.0,DEN,Guard,65,21.3,3.2,7.5,0.432,1.4,4.1,0.349,1.1,1.4,0.822,0.3,1.9,2.2,1.3,0.6,0.2,0.9,9.0,2.3,15.2,0,0
Julius Randle,30.0,MIN,Forward-Center,69,32.3,6.6,13.6,0.485,1.6,4.6,0.344,3.9,4.9,0.806,2.1,5.0,7.1,4.7,0.7,0.2,2.8,18.7,2.5,34.1,14,0
Justin Champagnie,24.0,WAS,Guard-Forward,62,21.6,3.4,6.6,0.511,1.2,3.1,0.383,0.8,1.2,0.685,1.8,3.9,5.7,1.0,1.0,0.6,0.9,8.8,1.8,21.2,8,0
Justin Edwards,21.0,PHI,Forward,44,26.2,3.9,8.6,0.455,1.6,4.3,0.363,0.7,1.0,0.696,1.0,2.3,3.4,1.6,1.0,0.4,1.1,10.1,2.2,19.5,1,0
Justin Minaya,26.0,POR,Forward,19,5.3,0.4,1.1,0.381,0.1,0.5,0.2,0.0,0.1,0.0,0.3,0.3,0.5,0.4,0.3,0.1,0.3,0.9,0.6,3.0,0,0
Jusuf Nurkić,30.0,CHA,Center,51,20.8,3.3,6.9,0.477,0.6,2.1,0.305,1.7,2.5,0.664,1.7,6.1,7.8,2.3,0.8,0.7,1.9,8.9,2.5,24.1,10,0
KJ Martin,24.0,UTA,Forward,43,21.2,2.6,4.7,0.552,0.3,1.3,0.259,0.9,1.1,0.787,0.7,2.2,2.9,1.1,0.4,0.5,0.6,6.4,2.3,13.7,0,0
KJ Simpson,22.0,CHA,Guard,36,23.4,2.9,8.4,0.346,0.9,3.6,0.254,1.1,1.4,0.82,1.1,1.9,3.0,3.1,0.9,0.2,1.6,7.8,1.6,17.9,0,0
Kai Jones,24.0,DAL,Center-Forward,40,11.7,2.2,2.7,0.798,0.0,0.1,0.2,0.6,0.8,0.719,1.0,2.1,3.1,0.6,0.4,0.6,0.4,5.0,1.2,12.0,1,0
Karl-Anthony Towns,29.0,NYK,Center-Forward,72,35.0,8.9,16.9,0.526,2.0,4.7,0.42,4.7,5.7,0.829,2.9,9.8,12.8,3.1,1.0,0.7,2.7,24.4,3.5,46.8,58,1
Karlo Matković,24.0,NOP,Forward-Center,42,18.8,3.2,5.6,0.574,0.5,1.6,0.318,0.8,1.0,0.773,1.5,3.5,5.0,1.1,0.5,1.0,1.0,7.7,2.5,18.8,4,0
Kawhi Leonard,34.0,LAC,Forward,37,31.9,8.4,16.8,0.498,2.1,5.1,0.411,2.6,3.3,0.81,0.9,5.0,5.9,3.1,1.6,0.5,1.9,21.5,1.5,37.5,5,0
Keaton Wallace,26.0,ATL,Guard,31,16.2,2.1,5.2,0.401,0.9,2.6,0.329,0.4,0.4,1.0,0.2,1.4,1.6,2.6,0.9,0.3,1.1,5.4,1.3,13.8,1,1
Keegan Murray,24.0,SAC,Forward,76,34.3,4.8,10.8,0.444,2.0,5.9,0.343,0.8,0.9,0.833,1.9,4.8,6.7,1.4,0.8,0.9,0.8,12.4,2.4,26.9,11,0
Keion Brooks Jr.,24.0,NOP,Forward,14,23.7,3.8,7.8,0.486,1.0,3.1,0.326,1.6,2.1,0.733,0.9,3.3,4.1,0.9,0.7,0.7,0.9,10.1,2.1,19.9,1,0
Kel'el Ware,21.0,MIA,Center,64,22.2,4.0,7.2,0.554,0.5,1.7,0.315,0.7,1.0,0.687,1.8,5.6,7.4,0.9,0.6,1.1,0.9,9.3,1.7,23.8,15,0
Keldon Johnson,25.0,SAS,Forward-Guard,77,23.9,4.8,10.0,0.482,1.1,3.6,0.318,1.9,2.5,0.773,1.5,3.4,4.8,1.6,0.6,0.3,1.0,12.7,1.5,22.7,3,0
Kelly Olynyk,34.0,NOP,Forward-Center,44,20.2,3.0,6.1,0.5,0.8,1.8,0.418,1.9,2.5,0.769,1.4,3.3,4.7,2.9,0.8,0.4,1.7,8.7,2.8,20.5,2,0
Kelly Oubre Jr.,29.0,PHI,Forward-Guard,60,34.6,5.8,12.4,0.47,1.2,4.0,0.293,2.3,3.1,0.751,1.6,4.5,6.1,1.8,1.5,0.5,1.3,15.1,3.0,29.9,10,0
Kenrich Williams,30.0,OKC,Guard-Forward,69,16.4,2.5,5.1,0.483,1.0,2.5,0.386,0.4,0.6,0.718,0.9,2.6,3.5,1.4,0.6,0.1,0.6,6.3,1.6,14.4,2,0
Kentavious Caldwell-Pope,32.0,MEM,Guard,77,29.6,3.1,7.1,0.439,1.5,4.3,0.342,1.1,1.2,0.863,0.4,1.8,2.2,1.8,1.3,0.4,0.8,8.7,1.8,18.4,0,0
Keon Ellis,25.0,SAC,Guard,80,24.4,2.8,5.8,0.489,1.7,4.0,0.433,0.9,1.1,0.849,0.8,1.9,2.6,1.5,1.5,0.8,0.9,8.3,2.2,19.8,0,0
Keon Johnson,23.0,BKN,Guard,79,24.4,3.8,9.9,0.389,1.6,5.1,0.314,1.4,1.8,0.77,0.8,3.0,3.8,2.2,1.0,0.4,1.5,10.6,2.6,21.2,0,0
Keshad Johnson,24.0,MIA,Forward,16,6.1,1.1,1.6,0.692,0.2,0.4,0.429,0.2,0.6,0.444,0.4,1.4,1.8,0.2,0.3,0.2,0.2,2.7,0.7,6.6,0,0
Kessler Edwards,24.0,DAL,Forward,40,15.2,1.7,3.4,0.496,0.6,1.4,0.407,0.3,0.3,0.923,0.6,2.3,2.9,1.0,0.5,0.5,0.4,4.2,1.6,11.8,1,0
Kevin Durant,36.0,PHX,Forward,62,36.5,9.5,18.1,0.527,2.6,6.0,0.43,4.9,5.8,0.839,0.4,5.7,6.0,4.2,0.8,1.2,3.1,26.6,1.7,43.2,5,0
Kevin Huerter,26.0,CHI,Guard-Forward,69,24.3,3.7,8.8,0.425,1.9,5.7,0.338,0.5,0.7,0.714,0.4,2.5,3.0,2.3,1.0,0.3,1.0,9.9,1.8,19.7,0,0
Kevin Knox II,25.0,GSW,Forward,14,6.0,1.3,2.6,0.5,0.3,1.1,0.267,0.4,0.6,0.75,0.5,0.7,1.2,0.4,0.1,0.3,0.3,3.3,0.4,6.3,0,0
Kevin Love,36.0,MIA,Forward-Center,23,10.9,1.8,5.0,0.357,1.0,2.9,0.358,0.7,1.0,0.696,1.0,3.1,4.1,1.0,0.7,0.2,0.6,5.3,0.9,13.5,0,0
Kevin McCullar Jr.,24.0,NYK,Guard,4,7.3,0.5,1.8,0.286,0.0,0.2,0.0,0.5,0.5,1.0,0.0,2.0,2.0,0.5,0.2,0.2,0.0,1.5,1.5,6.2,0,0
Kevin Porter Jr.,25.0,MIL,Guard-Forward,75,19.8,3.9,8.7,0.449,0.7,2.4,0.311,1.7,2.3,0.769,0.6,3.1,3.7,3.4,1.1,0.2,1.8,10.3,1.6,21.8,2,1
Kevon Looney,29.0,GSW,Forward,76,15.0,1.9,3.7,0.514,0.0,0.1,0.4,0.7,1.3,0.566,2.4,3.6,6.1,1.6,0.6,0.5,0.5,4.5,2.0,16.9,2,0
Keyonte George,21.0,UTA,Guard,67,31.5,5.4,13.7,0.391,2.6,7.6,0.343,3.5,4.3,0.818,0.4,3.4,3.8,5.6,0.7,0.1,2.7,16.8,1.7,29.5,4,0
Khris Middleton,33.0,WAS,Forward,37,22.8,4.3,9.1,0.475,1.3,3.6,0.361,1.9,2.3,0.857,0.4,3.4,3.7,4.1,0.9,0.2,1.5,11.9,2.0,24.4,0,0
Killian Hayes,23.0,BKN,Guard,6,27.1,3.0,7.2,0.419,1.3,3.5,0.381,1.7,2.0,0.833,0.8,2.2,3.0,5.2,0.7,0.7,1.5,9.0,2.2,22.8,0,0
Klay Thompson,35.0,DAL,Guard,72,27.3,5.0,12.2,0.412,3.0,7.7,0.391,0.9,1.0,0.905,0.6,2.8,3.4,2.0,0.7,0.4,1.2,14.0,1.1,23.2,0,0
Kobe Brown,25.0,LAC,Forward,40,6.8,0.8,1.8,0.458,0.2,0.6,0.231,0.1,0.2,0.714,0.5,1.2,1.6,0.6,0.2,0.1,0.3,1.9,0.6,5.3,0,0
Kobe Bufkin,21.0,ATL,Guard,10,12.4,1.8,4.7,0.383,0.4,1.9,0.211,1.3,1.8,0.722,0.5,1.6,2.1,1.7,0.3,0.2,0.8,5.3,0.9,11.1,0,0
Kris Dunn,31.0,LAC,Guard,74,24.1,2.6,5.9,0.439,1.0,3.0,0.335,0.2,0.3,0.682,0.7,2.7,3.4,2.8,1.7,0.4,1.0,6.4,2.7,20.0,0,0
Kris Murray,24.0,POR,Forward,69,15.1,1.7,4.0,0.419,0.4,1.7,0.225,0.4,0.8,0.456,1.1,1.5,2.6,1.0,0.5,0.2,0.6,4.2,1.0,10.4,1,0
Kristaps Porziņģis,29.0,BOS,Forward-Center,42,28.8,6.6,13.7,0.483,2.5,6.0,0.412,3.8,4.7,0.809,1.6,5.1,6.8,2.1,0.7,1.5,1.3,19.5,2.8,36.2,6,0
Kyle Anderson,31.0,MIA,Forward-Guard,61,16.4,2.3,5.0,0.469,0.4,1.1,0.357,0.8,1.1,0.738,0.9,2.5,3.4,2.4,0.7,0.5,0.6,5.9,1.3,16.5,2,0
Kyle Filipowski,21.0,UTA,Center,72,21.1,3.6,7.2,0.502,1.1,3.1,0.35,1.3,2.0,0.65,1.6,4.6,6.1,1.9,0.7,0.3,1.4,9.6,2.4,21.3,13,0
Kyle Kuzma,29.0,MIL,Forward,65,29.8,5.7,13.0,0.436,1.5,4.8,0.307,2.0,3.1,0.634,0.8,4.9,5.7,2.3,0.6,0.3,2.2,14.8,1.8,25.5,6,0
Kyle Lowry,39.0,PHI,Guard,35,18.8,1.2,3.3,0.35,0.8,2.5,0.33,0.8,0.9,0.818,0.3,1.6,1.9,2.7,0.9,0.3,0.6,3.9,1.8,13.5,0,0
Kylor Kelley,27.0,NOP,Center,11,11.5,1.3,2.0,0.636,0.0,0.0,0.0,0.5,0.9,0.6,1.1,2.5,3.5,0.5,0.1,0.3,0.4,3.1,1.4,8.8,1,0
Kyrie Irving,33.0,DAL,Guard,50,36.1,8.9,18.9,0.473,2.9,7.2,0.401,3.9,4.3,0.916,1.2,3.6,4.8,4.6,1.3,0.5,2.2,24.7,2.0,40.5,0,0
Kyshawn George,21.0,WAS,Forward,68,26.5,3.0,8.0,0.372,1.7,5.2,0.322,1.0,1.4,0.753,0.7,3.5,4.2,2.5,1.0,0.7,1.4,8.7,3.0,21.2,1,0
LaMelo Ball,23.0,CHA,Guard,47,32.0,8.6,21.3,0.405,3.8,11.2,0.339,4.1,4.9,0.843,1.0,3.9,4.9,7.4,1.1,0.3,3.6,25.2,3.3,42.9,13,0
Lamar Stevens,27.0,MEM,Forward,17,9.1,1.7,3.7,0.46,0.5,1.6,0.296,0.5,0.6,0.727,0.2,2.0,2.2,0.5,0.3,0.2,0.6,4.4,0.9,8.6,0,0
Landry Shamet,28.0,NYK,Guard,50,15.2,2.1,4.6,0.461,1.2,3.1,0.397,0.2,0.4,0.667,0.2,1.0,1.2,0.5,0.5,0.0,0.4,5.7,1.0,9.1,0,0
Larry Nance Jr.,32.0,ATL,Forward-Center,24,19.3,3.3,6.5,0.516,1.4,3.2,0.447,0.4,0.5,0.692,1.0,3.3,4.3,1.6,0.8,0.5,0.7,8.5,1.5,19.4,3,0
Lauri Markkanen,28.0,UTA,Forward-Center,47,31.4,6.3,14.9,0.423,2.9,8.5,0.346,3.4,3.9,0.876,1.5,4.4,5.9,1.5,0.7,0.4,1.4,19.0,1.7,30.1,5,0
LeBron James,40.0,LAL,Forward,70,34.9,9.3,18.1,0.513,2.1,5.7,0.376,3.7,4.7,0.782,1.0,6.8,7.8,8.2,1.0,0.6,3.7,24.4,1.4,47.1,32,10
Leonard Miller,21.0,MIN,Forward,13,2.4,0.5,1.2,0.4,0.0,0.4,0.0,0.6,0.6,1.0,0.2,0.6,0.8,0.0,0.2,0.1,0.2,1.5,0.2,3.1,0,0
Lester Quinones,24.0,NOP,Guard,13,14.1,2.4,6.0,0.397,1.0,3.4,0.295,0.8,1.0,0.846,0.3,1.2,1.5,1.8,0.2,0.2,1.1,6.6,1.4,11.2,0,0
Liam Robbins,25.0,MIL,Center,13,4.4,0.2,0.6,0.25,0.0,0.2,0.0,0.4,0.8,0.5,0.5,0.4,0.9,0.2,0.2,0.2,0.5,0.7,0.7,2.5,0,0
Lindy Waters III,27.0,DET,Forward,52,15.0,1.8,4.8,0.369,1.2,3.6,0.344,0.2,0.2,0.727,0.4,1.7,2.1,1.0,0.5,0.2,0.4,4.9,1.2,10.8,0,0
Lonnie Walker IV,26.0,PHI,Guard-Forward,20,23.8,4.4,10.6,0.42,2.2,6.4,0.354,1.2,1.5,0.8,0.3,2.8,3.2,2.5,0.5,0.2,1.2,12.4,1.4,20.9,1,0
Lonzo Ball,27.0,CHI,Guard,35,22.2,2.5,6.9,0.366,1.9,5.6,0.344,0.6,0.8,0.815,0.7,2.7,3.4,3.3,1.3,0.5,1.2,7.6,1.6,20.9,0,0
Luguentz Dort,26.0,OKC,Guard,71,29.2,3.6,8.4,0.435,2.4,5.8,0.412,0.5,0.6,0.717,1.3,2.9,4.1,1.6,1.1,0.5,0.7,10.1,2.9,21.8,0,0
Luka Dončić,26.0,LAL,Forward-Guard,50,35.4,9.2,20.5,0.45,3.5,9.6,0.368,6.2,7.9,0.782,0.8,7.4,8.2,7.7,1.8,0.4,3.6,28.2,2.5,52.5,21,5
Luka Garza,26.0,MIN,Center,39,5.6,1.3,2.7,0.495,0.3,0.9,0.278,0.6,0.9,0.686,0.8,0.6,1.4,0.3,0.2,0.1,0.3,3.5,0.7,6.0,0,0
Luke Kennard,29.0,MEM,Guard,65,22.6,3.2,6.6,0.478,1.7,4.0,0.433,0.8,0.9,0.895,0.6,2.2,2.8,3.3,0.8,0.1,1.1,8.9,0.9,18.6,0,0
Luke Kornet,29.0,BOS,Center-Forward,73,18.6,2.6,3.8,0.668,0.0,0.0,0.0,0.9,1.3,0.691,2.6,2.7,5.3,1.6,0.5,1.0,0.4,6.0,1.6,18.8,3,0
Luke Travers,23.0,CLE,Forward,12,7.3,0.4,1.7,0.25,0.0,0.8,0.0,0.2,0.2,1.0,0.7,1.0,1.7,0.7,0.1,0.1,0.7,1.0,0.5,3.8,0,0
Mac McClung,26.0,ORL,Guard,2,5.1,0.0,1.0,0.0,0.0,0.5,0.0,0.0,0.0,0.0,0.0,0.5,0.5,1.5,0.0,0.0,0.0,0.0,1.0,2.8,0,0
Malachi Flynn,27.0,CHA,Guard,4,10.9,1.2,3.2,0.385,0.2,1.0,0.25,1.2,1.5,0.833,0.8,1.0,1.8,1.8,0.8,0.0,1.0,4.0,1.0,10.0,0,0
Malaki Branham,22.0,SAS,Forward,47,9.1,1.9,4.0,0.458,0.7,1.8,0.405,0.6,0.7,0.818,0.1,0.9,1.1,0.8,0.2,0.0,0.7,5.0,0.6,7.6,0,0
Malcolm Brogdon,32.0,WAS,Guard,24,23.5,4.3,10.0,0.433,0.7,2.3,0.286,3.4,3.8,0.88,0.9,2.9,3.8,4.1,0.5,0.2,1.6,12.7,1.2,24.0,2,0
Malevy Leons,25.0,OKC,Forward,6,3.5,0.0,0.3,0.0,0.0,0.2,0.0,0.3,0.7,0.5,0.2,0.3,0.5,0.2,0.0,0.0,0.2,0.3,0.7,1.0,0,0
Malik Beasley,28.0,DET,Guard,82,27.8,5.6,13.1,0.43,3.9,9.3,0.416,1.2,1.7,0.679,0.6,2.0,2.6,1.7,0.9,0.1,1.0,16.3,1.5,23.8,1,0
Malik Monk,27.0,SAC,Guard,65,31.6,6.3,14.4,0.439,2.1,6.6,0.325,2.4,2.7,0.865,0.5,3.3,3.8,5.6,0.9,0.6,2.4,17.2,2.4,32.2,4,0
MarJon Beauchamp,24.0,NYK,Forward,35,4.5,0.8,1.9,0.415,0.3,0.8,0.345,0.4,0.6,0.75,0.3,0.9,1.3,0.3,0.1,0.0,0.4,2.3,0.4,4.2,0,0
Marcus Bagley,23.0,PHI,Forward,10,25.3,2.7,6.9,0.391,0.5,3.2,0.156,0.8,1.0,0.8,2.3,4.7,7.0,1.0,0.9,1.2,0.7,6.7,1.6,22.2,2,0
Marcus Garrett,26.0,CHA,Guard,4,19.8,2.8,6.8,0.407,0.8,2.0,0.375,0.8,1.0,0.75,0.2,1.2,1.5,3.2,0.8,0.5,1.5,7.0,2.5,15.9,0,0
Marcus Sasser,24.0,DET,Guard,57,14.2,2.4,5.2,0.463,1.0,2.7,0.382,0.8,0.9,0.843,0.3,0.9,1.2,2.3,0.6,0.1,0.9,6.6,1.3,12.7,1,0
Marcus Smart,31.0,WAS,Guard,34,20.0,3.0,7.6,0.393,1.4,4.1,0.348,1.6,2.1,0.761,0.5,1.6,2.1,3.2,1.1,0.3,1.6,9.0,1.6,19.0,0,0
Mark Williams,23.0,CHA,Center,44,26.6,6.1,10.2,0.604,0.0,0.1,0.0,3.0,3.7,0.804,3.0,7.2,10.2,2.5,0.7,1.2,1.6,15.2,2.4,35.4,21,0
Markelle Fultz,27.0,SAC,Guard,21,8.8,1.3,3.2,0.418,0.2,0.4,0.5,0.0,0.0,1.0,0.3,0.7,1.0,1.3,0.5,0.1,0.7,2.9,0.6,7.0,0,0
Markieff Morris,35.0,LAL,Forward,15,11.0,1.4,4.7,0.3,0.6,2.4,0.25,0.3,0.4,0.833,0.2,1.3,1.5,1.4,0.1,0.2,0.3,3.7,1.1,8.3,0,0
Marvin Bagley III,26.0,MEM,Forward,31,8.6,1.8,3.4,0.519,0.1,0.6,0.158,0.7,1.1,0.657,1.2,1.5,2.7,0.4,0.3,0.3,0.4,4.4,0.6,9.4,1,0
Mason Jones,26.0,SAC,Guard,10,4.5,0.9,1.8,0.5,0.1,0.8,0.125,0.4,0.5,0.8,0.2,0.7,0.9,1.1,0.0,0.1,0.1,2.3,0.3,5.2,0,0
Mason Plumlee,35.0,PHX,Forward-Center,74,17.6,1.7,2.7,0.619,0.0,0.1,0.0,1.1,1.7,0.648,1.6,4.6,6.1,1.8,0.4,0.6,0.8,4.5,2.1,17.0,2,0
Matas Buzelis,20.0,CHI,Forward,80,18.9,3.2,6.9,0.454,1.2,3.3,0.361,1.1,1.4,0.815,0.7,2.8,3.5,1.0,0.4,0.9,0.9,8.6,1.6,17.2,1,0
Matisse Thybulle,28.0,POR,Guard-Forward,15,20.8,2.8,5.9,0.477,1.4,3.2,0.438,0.5,1.0,0.467,0.9,2.5,3.5,1.9,2.2,0.6,0.9,7.5,0.9,22.0,0,0
Matt Ryan,28.0,NYK,Forward,19,3.6,0.5,1.6,0.323,0.3,1.0,0.316,0.1,0.1,1.0,0.0,0.4,0.4,0.2,0.1,0.0,0.2,1.5,0.1,2.4,0,0
Max Christie,22.0,DAL,Guard,78,27.3,3.2,7.6,0.427,1.5,4.0,0.366,1.7,1.9,0.855,0.5,2.8,3.3,1.9,0.8,0.4,1.1,9.6,1.5,18.9,0,0
Max Strus,29.0,CLE,Guard-Forward,50,25.5,3.3,7.5,0.442,2.3,5.9,0.386,0.6,0.7,0.824,1.1,3.3,4.3,3.2,0.5,0.2,1.1,9.4,2.1,20.6,0,0
Maxi Kleber,33.0,LAL,Forward,34,18.7,1.1,2.8,0.385,0.4,1.4,0.265,0.5,0.6,0.762,0.7,2.1,2.8,1.3,0.3,0.5,0.7,3.0,1.9,9.9,0,0
Maxwell Lewis,22.0,BKN,Forward,28,11.7,1.6,3.9,0.417,0.7,1.8,0.38,0.2,0.4,0.7,0.6,1.3,2.0,0.7,0.3,0.2,0.5,4.1,1.0,8.7,0,0
Micah Potter,27.0,UTA,Center,38,18.6,1.5,3.6,0.422,0.8,2.6,0.316,0.4,0.5,0.85,1.1,3.2,4.3,0.8,0.4,0.4,0.8,4.3,1.3,12.1,0,0
Michael Porter Jr.,27.0,DEN,Forward,77,33.7,6.9,13.6,0.504,2.5,6.4,0.395,1.9,2.5,0.768,1.8,5.2,7.0,2.1,0.6,0.5,1.4,18.2,2.0,31.9,15,0
Mikal Bridges,28.0,NYK,Guard-Forward,82,37.0,7.2,14.4,0.5,2.0,5.6,0.354,1.2,1.4,0.814,0.9,2.3,3.2,3.7,0.9,0.5,1.6,17.6,1.5,29.7,1,0
Mike Conley,37.0,MIN,Guard,71,24.7,2.6,6.6,0.4,1.8,4.4,0.41,1.1,1.3,0.9,0.5,2.1,2.6,4.5,1.1,0.2,1.1,8.2,1.6,20.9,1,0
Miles Bridges,27.0,CHA,Forward,64,31.7,7.3,17.0,0.431,2.2,7.0,0.313,3.5,4.0,0.87,1.1,6.4,7.5,3.9,0.7,0.7,2.1,20.3,1.5,37.2,14,1
Miles McBride,24.0,NYK,Guard,64,24.9,3.5,8.5,0.406,1.8,4.9,0.369,0.8,1.0,0.813,0.7,1.8,2.5,2.9,1.0,0.3,0.6,9.5,1.7,20.2,0,0
Miles Norris,25.0,BOS,Forward,3,11.6,0.7,3.0,0.222,0.7,2.3,0.286,0.3,0.7,0.5,0.7,2.3,3.0,0.0,0.7,0.3,0.0,2.3,0.0,8.9,0,0
Mitchell Robinson,27.0,NYK,Center-Forward,17,17.1,2.2,3.3,0.661,0.0,0.0,0.0,0.8,1.1,0.684,3.1,2.9,5.9,0.8,0.9,1.1,0.6,5.1,1.5,18.8,2,0
Mo Bamba,27.0,NOP,Center,32,12.9,1.6,3.5,0.464,0.5,1.7,0.278,0.6,0.8,0.704,1.0,3.5,4.5,0.6,0.3,1.0,0.6,4.3,1.8,13.7,0,0
Monté Morris,30.0,PHX,Guard,45,12.7,1.8,4.3,0.426,0.7,1.9,0.36,0.8,0.9,0.857,0.3,1.2,1.5,1.6,0.4,0.1,0.5,5.2,0.5,10.5,0,0
Moritz Wagner,28.0,ORL,Forward-Center,30,18.8,4.7,8.3,0.562,0.9,2.5,0.36,2.6,3.7,0.718,1.3,3.6,4.9,1.4,0.8,0.4,1.6,12.9,1.8,22.9,1,0
Moses Brown,25.0,DAL,Center,13,9.1,2.6,3.8,0.694,0.0,0.0,0.0,0.6,0.8,0.727,0.9,2.5,3.4,0.2,0.5,0.3,0.8,5.8,1.3,11.6,1,0
Moses Moody,23.0,GSW,Guard,74,22.3,3.3,7.7,0.433,1.7,4.6,0.374,1.4,1.8,0.797,0.7,1.9,2.6,1.3,0.8,0.4,0.7,9.8,1.6,17.7,0,0
Mouhamed Gueye,22.0,ATL,Forward,33,16.1,2.2,5.2,0.421,0.6,2.5,0.259,1.0,1.3,0.762,1.3,2.9,4.2,0.8,0.8,1.0,0.5,6.0,1.7,17.3,2,0
Moussa Diabaté,23.0,CHA,Forward,71,17.5,2.4,3.9,0.596,0.0,0.1,0.0,1.0,1.6,0.595,2.6,3.5,6.2,0.8,0.6,0.6,0.9,5.7,1.5,17.0,7,0
Myles Turner,29.0,IND,Center-Forward,72,30.2,5.4,11.3,0.481,2.2,5.5,0.396,2.6,3.3,0.773,1.2,5.3,6.5,1.5,0.8,2.0,1.7,15.6,2.5,32.3,13,0
N'Faly Dante,23.0,HOU,Center,4,12.7,2.5,3.2,0.769,0.0,0.0,0.0,1.0,1.2,0.8,1.5,3.8,5.2,0.5,0.2,1.2,0.5,6.0,2.2,17.0,0,0
Nae'Qwan Tomlin,24.0,CLE,Forward,5,12.7,2.6,6.4,0.406,0.4,2.0,0.2,1.6,2.2,0.727,1.8,2.4,4.2,0.4,0.0,0.2,0.4,7.2,1.8,13.0,1,0
Naji Marshall,27.0,DAL,Forward,69,27.8,5.2,10.3,0.508,0.9,3.2,0.275,1.9,2.3,0.813,1.1,3.7,4.8,3.0,1.0,0.2,1.6,13.2,1.6,25.4,6,0
Nate Williams,26.0,HOU,Guard,20,7.3,1.4,3.1,0.435,0.3,1.3,0.231,0.2,0.4,0.625,0.2,0.4,0.6,0.4,0.4,0.2,0.7,3.2,0.8,5.8,0,0
Naz Reid,25.0,MIN,Center-Forward,80,27.5,5.3,11.5,0.462,2.2,5.8,0.379,1.4,1.8,0.776,1.2,4.8,6.0,2.3,0.7,0.9,1.4,14.2,2.4,28.3,10,0
Neemias Queta,25.0,BOS,Center,62,13.9,2.1,3.3,0.65,0.0,0.0,0.0,0.7,1.0,0.754,1.4,2.4,3.8,0.7,0.3,0.7,0.6,5.0,1.7,12.9,0,0
Nic Claxton,26.0,BKN,Center,70,26.9,4.6,8.1,0.563,0.1,0.3,0.238,1.1,2.2,0.513,2.2,5.1,7.4,2.2,0.9,1.4,1.2,10.3,2.1,28.2,13,0
Nick Richards,27.0,PHX,Center,57,22.0,3.6,6.1,0.591,0.0,0.0,0.0,2.1,2.8,0.744,2.6,5.6,8.2,0.9,0.2,1.0,1.4,9.3,2.5,22.6,16,0
Nick Smith Jr.,21.0,CHA,Guard,60,22.8,3.7,9.5,0.391,1.7,5.1,0.34,0.7,0.8,0.935,0.2,1.9,2.1,2.4,0.3,0.1,1.4,9.8,1.3,15.8,1,0
Nickeil Alexander-Walker,26.0,MIN,Guard,82,25.3,3.3,7.5,0.438,1.7,4.5,0.381,1.1,1.4,0.78,0.7,2.6,3.2,2.7,0.6,0.4,1.2,9.4,1.7,19.2,1,0
Nicolas Batum,36.0,LAC,Guard-Forward,78,17.5,1.3,3.1,0.437,1.1,2.6,0.433,0.2,0.3,0.81,0.6,2.2,2.8,1.1,0.7,0.5,0.4,4.0,1.4,11.9,0,0
Nikola Jokić,30.0,DEN,Center,70,36.7,11.2,19.5,0.576,2.0,4.7,0.417,5.2,6.4,0.8,2.9,9.9,12.7,10.2,1.8,0.6,3.3,29.6,2.3,64.3,59,34
Nikola Jović,22.0,MIA,Forward,46,25.1,3.7,8.2,0.456,1.7,4.6,0.371,1.6,1.9,0.828,0.6,3.3,3.9,2.8,0.8,0.3,1.3,10.7,1.8,21.7,0,0
Nikola Vučević,34.0,CHI,Center,73,31.2,7.5,14.2,0.53,1.8,4.4,0.402,1.6,2.0,0.805,2.4,7.6,10.1,3.5,0.8,0.7,1.6,18.5,2.2,38.8,45,1
Noah Clowney,20.0,BKN,Forward-Center,46,22.7,2.9,8.1,0.358,1.9,5.7,0.333,1.5,1.7,0.838,0.9,3.0,3.9,0.9,0.5,0.5,1.0,9.1,2.3,17.1,0,0
Norman Powell,32.0,LAC,Guard,60,32.6,7.6,15.8,0.484,3.0,7.1,0.418,3.6,4.4,0.804,0.4,2.8,3.2,2.1,1.2,0.2,1.8,21.8,1.9,31.0,1,0
OG Anunoby,27.0,NYK,Forward-Guard,74,36.6,6.6,13.9,0.476,2.3,6.2,0.372,2.5,3.1,0.81,1.3,3.5,4.8,2.2,1.5,0.9,1.4,18.0,2.3,32.8,1,0
Obi Toppin,27.0,IND,Forward,79,19.6,4.0,7.6,0.529,1.4,3.8,0.365,1.1,1.4,0.781,0.7,3.3,4.0,1.6,0.6,0.4,0.9,10.5,1.4,19.8,2,0
Ochai Agbaji,25.0,TOR,Guard,64,27.2,4.2,8.3,0.498,1.6,4.0,0.399,0.5,0.8,0.708,1.0,2.8,3.8,1.5,0.9,0.5,0.8,10.4,2.0,20.5,0,0
Olivier-Maxence Prosper,22.0,DAL,Forward,52,11.2,1.3,3.3,0.402,0.2,1.0,0.235,0.9,1.5,0.645,0.8,1.6,2.4,0.8,0.5,0.1,0.3,3.9,0.5,9.5,0,0
Onyeka Okongwu,24.0,ATL,Forward-Center,74,27.9,5.2,9.2,0.567,0.6,2.0,0.324,2.2,2.9,0.759,3.0,5.9,8.9,2.3,0.9,0.9,1.2,13.4,2.6,31.8,28,0
Orlando Robinson,24.0,TOR,Center,44,17.5,2.6,5.9,0.444,0.4,1.2,0.327,1.2,1.6,0.771,2.0,3.0,5.0,1.8,0.4,0.4,1.1,6.9,2.3,16.6,4,0
Oscar Tshiebwe,25.0,UTA,Forward-Center,14,18.2,3.0,5.0,0.6,0.0,0.0,0.0,1.6,2.2,0.742,3.3,5.4,8.7,0.6,0.9,0.1,0.7,7.6,1.7,21.3,4,0
Oshae Brissett,27.0,PHI,Forward-Guard,6,23.7,3.2,6.5,0.487,1.0,3.0,0.333,1.3,2.3,0.571,1.2,2.5,3.7,0.7,0.7,0.5,1.3,8.7,2.3,16.2,0,0
Oso Ighodaro,22.0,PHX,Forward,61,17.1,1.9,3.1,0.604,0.0,0.0,0.0,0.5,0.8,0.58,1.1,2.6,3.6,1.2,0.5,0.5,0.6,4.2,1.7,12.5,0,0
Ousmane Dieng,22.0,OKC,Forward,37,10.9,1.5,3.4,0.432,0.6,1.9,0.324,0.3,0.4,0.688,0.5,1.7,2.2,0.8,0.5,0.2,0.5,3.8,0.9,9.2,0,0
P.J. Tucker,40.0,NYK,Forward,3,19.3,1.0,2.3,0.429,1.0,2.0,0.5,0.0,0.0,0.0,1.3,1.3,2.7,0.0,0.3,0.3,0.3,3.0,2.7,7.9,0,0
P.J. Washington,26.0,DAL,Forward,57,32.2,5.3,11.7,0.453,1.6,4.2,0.381,2.5,3.5,0.722,1.4,6.3,7.8,2.3,1.1,1.1,2.1,14.7,2.3,31.8,14,0
PJ Dozier,28.0,MIN,Guard-Forward,9,3.9,0.2,0.3,0.667,0.2,0.3,0.667,0.1,0.7,0.167,0.1,0.4,0.6,0.6,0.1,0.0,0.1,0.8,0.3,2.5,0,0
PJ Hall,23.0,DEN,Center,19,3.5,0.7,1.3,0.583,0.1,0.4,0.25,0.2,0.2,0.75,0.3,0.8,1.2,0.2,0.0,0.2,0.1,1.7,0.6,4.0,0,0
Pacôme Dadiet,19.0,NYK,Forward,18,6.2,0.6,1.7,0.323,0.3,1.1,0.316,0.2,0.3,0.667,0.2,0.8,1.0,0.3,0.2,0.1,0.2,1.7,0.4,3.9,0,0
Paolo Banchero,22.0,ORL,Forward,46,34.4,9.0,19.8,0.452,1.9,5.9,0.32,6.1,8.4,0.727,1.1,6.4,7.5,4.8,0.8,0.6,3.0,25.9,2.1,43.2,11,0
Pascal Siakam,31.0,IND,Forward,78,32.7,7.9,15.2,0.519,1.6,4.2,0.389,2.9,3.9,0.734,1.7,5.2,6.9,3.4,0.9,0.5,1.4,20.2,2.4,36.5,11,0
Pat Connaughton,32.0,MIL,Guard,41,14.7,2.0,4.3,0.469,0.6,2.0,0.321,0.6,0.8,0.774,0.5,2.2,2.7,1.7,0.2,0.3,0.6,5.3,1.1,11.9,1,0
Pat Spencer,28.0,GSW,Guard,39,6.4,1.1,2.6,0.406,0.1,0.6,0.227,0.3,0.4,0.733,0.4,0.8,1.2,1.2,0.4,0.1,0.5,2.5,0.5,6.6,0,0
Patrick Baldwin Jr.,22.0,LAC,Forward,24,4.4,0.8,1.5,0.543,0.5,1.0,0.565,0.1,0.2,0.5,0.2,0.8,1.0,0.1,0.1,0.1,0.2,2.2,0.3,4.1,0,0
Patrick Williams,23.0,CHI,Forward,63,25.0,3.3,8.2,0.397,1.5,4.3,0.353,1.0,1.3,0.723,0.7,3.1,3.8,2.0,0.8,0.5,1.4,9.0,1.4,18.9,1,0
Patty Mills,36.0,LAC,Guard,29,11.1,1.2,3.3,0.375,0.9,2.6,0.347,0.4,0.5,0.929,0.1,0.6,0.8,0.9,0.4,0.1,0.6,3.8,0.8,7.2,0,0
Paul George,35.0,PHI,Forward,41,32.5,6.0,13.9,0.43,2.3,6.5,0.358,1.9,2.4,0.814,0.6,4.8,5.3,4.3,1.8,0.5,2.6,16.2,2.5,33.5,3,0
Paul Reed,26.0,DET,Forward,45,9.7,1.6,3.2,0.507,0.2,0.6,0.286,0.7,0.9,0.762,0.9,1.8,2.7,1.0,0.9,0.6,0.6,4.1,1.7,12.5,0,0
Payton Pritchard,27.0,BOS,Guard,80,28.4,5.1,10.8,0.472,3.2,7.8,0.407,0.9,1.0,0.845,1.3,2.6,3.8,3.5,0.9,0.2,1.0,14.3,1.5,26.2,5,0
Pelle Larsson,24.0,MIA,Guard,55,14.2,1.6,3.7,0.438,0.6,1.7,0.337,0.7,1.1,0.672,0.5,1.2,1.7,1.2,0.6,0.1,0.4,4.6,1.7,10.0,0,0
Pete Nance,25.0,MIL,Forward,13,10.6,1.1,2.5,0.438,0.7,1.8,0.375,0.1,0.2,0.5,0.4,1.2,1.6,0.8,0.2,0.2,0.3,2.9,1.3,6.6,0,0
Peyton Watson,22.0,DEN,Guard,68,24.3,3.0,6.3,0.477,0.7,2.0,0.353,1.4,2.0,0.693,0.7,2.7,3.4,1.4,0.7,1.4,0.8,8.1,1.8,19.7,0,0
Phillip Wheeler,23.0,PHI,Forward,5,8.9,0.6,4.2,0.143,0.0,2.0,0.0,0.4,0.4,1.0,0.4,1.2,1.6,0.4,0.2,0.4,0.2,1.6,0.2,5.7,0,0
Precious Achiuwa,25.0,NYK,Forward,57,20.5,2.9,5.7,0.502,0.2,0.6,0.278,0.7,1.2,0.594,1.8,3.8,5.6,1.0,0.8,0.7,0.8,6.6,1.4,18.7,3,0
Quentin Grimes,25.0,PHI,Guard,75,26.8,5.1,11.0,0.467,2.2,5.6,0.385,2.2,2.9,0.757,0.8,3.5,4.3,3.0,1.0,0.3,1.9,14.6,1.8,26.3,4,0
Quenton Jackson,26.0,IND,Guard,28,13.6,2.1,4.4,0.475,0.5,1.4,0.375,1.1,1.4,0.775,0.5,1.1,1.6,1.9,0.8,0.2,0.6,5.8,1.5,12.7,0,0
Quincy Olivari,24.0,LAL,Guard,2,5.2,0.5,2.5,0.2,0.5,2.5,0.2,0.0,0.0,0.0,0.0,0.0,0.0,0.5,0.0,0.0,0.5,1.5,0.0,1.8,0,0
Quinten Post,25.0,GSW,Center,42,16.3,2.9,6.5,0.449,1.7,4.3,0.408,0.5,0.6,0.778,0.8,2.7,3.5,1.3,0.4,0.4,0.8,8.1,2.0,16.0,0,0
RJ Barrett,25.0,TOR,Forward-Guard,58,32.2,7.9,16.9,0.468,1.8,5.3,0.35,3.4,5.4,0.63,1.1,5.3,6.3,5.4,0.8,0.3,2.8,21.1,2.4,37.2,10,2
RayJ Dennis,24.0,IND,Guard,11,6.4,1.0,3.0,0.333,0.5,1.9,0.286,0.2,0.2,1.0,0.2,0.9,1.1,1.3,0.6,0.2,0.5,2.7,0.6,7.9,0,0
Rayan Rupert,21.0,POR,Guard-Forward,52,8.8,1.1,2.7,0.408,0.3,1.1,0.271,0.4,0.6,0.767,0.5,0.8,1.3,0.5,0.3,0.1,0.6,3.0,0.7,5.9,1,0
Reece Beekman,23.0,BKN,Guard,36,13.0,1.0,3.0,0.327,0.2,1.1,0.175,0.4,0.6,0.762,0.4,0.7,1.1,1.8,0.9,0.1,0.6,2.6,1.0,8.8,0,0
Reed Sheppard,21.0,HOU,Guard,52,12.6,1.6,4.6,0.351,0.9,2.7,0.338,0.2,0.3,0.813,0.3,1.2,1.5,1.4,0.7,0.3,0.7,4.4,1.0,10.7,0,0
Reggie Jackson,35.0,PHI,Guard,31,12.4,1.7,4.3,0.391,0.8,2.4,0.338,0.2,0.3,0.778,0.3,1.1,1.4,1.5,0.5,0.1,0.5,4.4,1.1,9.5,0,0
Richaun Holmes,31.0,WAS,Forward,31,17.2,2.9,4.5,0.647,0.0,0.1,0.0,1.6,1.9,0.833,2.0,3.7,5.7,1.4,0.3,0.7,0.7,7.4,1.6,18.7,3,0
Ricky Council IV,23.0,PHI,Guard,73,17.1,2.4,6.3,0.382,0.8,2.9,0.258,1.7,2.1,0.804,0.7,2.2,2.9,1.3,0.4,0.2,0.7,7.3,0.9,13.9,3,0
Riley Minix,24.0,SAS,Forward,1,6.8,0.0,1.0,0.0,0.0,1.0,0.0,0.0,0.0,0.0,0.0,2.0,2.0,0.0,0.0,0.0,0.0,0.0,0.0,2.4,0,0
Rob Dillingham,20.0,MIN,Guard,49,10.5,1.9,4.3,0.441,0.5,1.5,0.338,0.2,0.3,0.533,0.2,0.8,1.0,2.0,0.4,0.0,1.1,4.5,0.8,8.9,0,0
Robert Williams III,27.0,POR,Center-Forward,20,17.6,2.5,3.9,0.641,0.0,0.2,0.333,0.8,0.8,0.882,1.8,4.2,5.9,1.0,0.6,1.6,0.8,5.8,1.6,20.5,0,0
Ron Harper Jr.,25.0,DET,Guard-Forward,1,17.0,1.0,8.0,0.125,0.0,6.0,0.0,2.0,2.0,1.0,4.0,3.0,7.0,2.0,0.0,0.0,0.0,4.0,0.0,15.4,0,0
Ronald Holland II,19.0,DET,Forward,81,15.6,2.4,5.1,0.474,0.4,1.9,0.238,1.1,1.5,0.754,0.5,2.2,2.7,1.0,0.6,0.2,0.9,6.4,1.7,12.7,0,0
Royce O'Neale,32.0,PHX,Forward,75,24.5,3.2,7.6,0.423,2.4,5.9,0.406,0.3,0.3,0.731,0.7,3.9,4.7,2.2,0.9,0.5,0.9,9.1,2.0,21.1,1,0
Rudy Gobert,33.0,MIN,Center,72,33.2,4.7,7.1,0.669,0.0,0.0,0.0,2.6,3.8,0.674,3.7,7.2,10.9,1.8,0.8,1.4,1.2,12.0,2.5,33.2,36,0
Rui Hachimura,27.0,LAL,Forward,59,31.7,5.0,9.8,0.509,1.7,4.2,0.413,1.5,1.9,0.77,1.3,3.7,5.0,1.4,0.8,0.4,0.8,13.1,1.8,24.0,1,0
Russell Westbrook,36.0,DEN,Guard,75,27.9,5.0,11.1,0.449,1.3,3.9,0.323,2.1,3.1,0.661,1.4,3.6,4.9,6.1,1.4,0.5,3.2,13.3,2.5,30.8,13,4
Ryan Dunn,22.0,PHX,Forward,74,19.1,2.8,6.4,0.43,1.1,3.6,0.311,0.3,0.5,0.487,1.2,2.4,3.6,0.8,0.6,0.5,0.5,6.9,2.2,15.3,3,0
Ryan Rollins,22.0,MIL,Guard,56,14.6,2.4,4.8,0.487,0.9,2.1,0.408,0.6,0.8,0.8,0.4,1.6,1.9,1.9,0.8,0.3,0.9,6.2,1.6,13.5,1,0
Sam Hauser,27.0,BOS,Forward,71,21.7,3.0,6.7,0.451,2.3,5.6,0.416,0.2,0.2,1.0,0.6,2.5,3.2,0.9,0.6,0.2,0.3,8.5,1.2,15.6,0,0
Sam Merrill,29.0,CLE,Guard,71,19.7,2.4,6.0,0.406,1.9,5.2,0.372,0.4,0.4,0.966,0.5,1.7,2.2,1.5,0.7,0.2,0.5,7.2,1.7,14.4,0,0
Sandro Mamukelashvili,26.0,SAS,Forward-Center,61,11.2,2.3,4.6,0.502,1.0,2.6,0.373,0.7,1.0,0.741,1.0,2.0,3.1,0.8,0.4,0.3,0.4,6.3,1.0,12.7,2,0
Santi Aldama,24.0,MEM,Forward-Center,65,25.5,4.8,10.0,0.483,1.8,5.0,0.368,1.0,1.4,0.691,1.4,5.0,6.4,2.9,0.8,0.4,1.1,12.5,1.2,27.1,10,0
Scoot Henderson,21.0,POR,Guard,66,26.7,4.3,10.4,0.419,1.6,4.5,0.354,2.4,3.1,0.767,0.8,2.2,3.0,5.1,1.0,0.2,2.7,12.7,2.7,24.9,2,0
Scottie Barnes,23.0,TOR,Forward-Guard,65,32.8,7.3,16.4,0.446,1.2,4.3,0.271,3.5,4.6,0.755,1.7,6.0,7.7,5.8,1.4,1.0,2.8,19.3,1.7,41.6,26,1
Scotty Pippen Jr.,24.0,MEM,Guard,79,21.3,3.6,7.5,0.48,1.1,2.8,0.397,1.5,2.2,0.713,0.8,2.5,3.3,4.4,1.3,0.4,1.7,9.9,2.6,23.7,9,1
Seth Curry,34.0,CHA,Guard,68,15.6,2.4,5.0,0.478,1.2,2.7,0.456,0.5,0.6,0.846,0.4,1.3,1.7,0.9,0.4,0.1,0.5,6.5,0.9,10.9,0,0
Shaedon Sharpe,22.0,POR,Guard,72,31.3,6.9,15.3,0.452,2.0,6.6,0.311,2.6,3.4,0.785,0.9,3.6,4.5,2.8,0.9,0.2,2.1,18.5,1.7,29.2,3,0
Shai Gilgeous-Alexander,26.0,OKC,Guard,76,34.2,11.3,21.8,0.519,2.1,5.7,0.375,7.9,8.8,0.898,0.9,4.1,5.0,6.4,1.7,1.0,2.4,32.7,2.2,54.1,6,0
Shake Milton,28.0,LAL,Guard,57,14.7,2.0,4.5,0.453,0.7,1.9,0.358,0.8,1.0,0.797,0.5,1.3,1.8,1.8,0.4,0.1,0.7,5.5,1.2,11.2,1,0
Sidy Cissoko,21.0,POR,Guard,22,5.2,0.6,1.4,0.433,0.1,0.6,0.231,0.1,0.4,0.333,0.4,0.6,1.0,0.7,0.1,0.0,0.5,1.5,0.5,3.5,0,0
Simone Fontecchio,29.0,DET,Forward,75,16.5,2.0,5.0,0.402,1.0,3.0,0.335,0.9,1.1,0.833,0.7,2.2,2.9,0.9,0.4,0.2,0.7,5.9,1.3,11.7,0,0
Skal Labissiere,29.0,SAC,Forward-Center,4,3.0,0.5,1.0,0.5,0.2,0.2,1.0,0.0,0.0,0.0,0.2,0.5,0.8,0.2,0.0,0.0,0.0,1.2,0.2,2.5,0,0
Spencer Dinwiddie,32.0,DAL,Guard,79,27.0,3.6,8.6,0.416,1.4,4.1,0.334,2.5,3.1,0.802,0.2,2.4,2.6,4.4,0.9,0.2,1.3,11.0,1.5,22.9,5,0
Spencer Jones,24.0,DEN,Forward,20,6.2,0.6,1.7,0.324,0.0,0.8,0.059,0.2,0.2,1.0,0.4,0.4,0.8,0.2,0.2,0.2,0.2,1.3,0.8,3.9,0,0
Stanley Umude,26.0,MIL,Guard,22,3.9,0.2,1.2,0.192,0.1,0.7,0.2,0.1,0.2,0.5,0.2,0.6,0.8,0.2,0.1,0.3,0.1,0.7,0.4,3.0,0,0
Stephen Curry,37.0,GSW,Guard,70,32.2,8.1,18.0,0.448,4.4,11.2,0.397,4.0,4.3,0.933,0.6,3.9,4.4,6.0,1.1,0.4,2.9,24.5,1.4,40.7,9,0
Stephon Castle,20.0,SAS,Guard,81,26.7,5.2,12.2,0.428,1.2,4.1,0.285,3.1,4.2,0.724,1.1,2.6,3.7,4.1,0.9,0.3,2.2,14.7,2.0,26.6,6,0
Steven Adams,31.0,HOU,Center,58,13.7,1.6,2.9,0.545,0.0,0.0,0.0,0.7,1.6,0.462,2.9,2.8,5.6,1.1,0.4,0.5,0.9,3.9,1.0,14.0,3,0
Svi Mykhailiuk,28.0,UTA,Guard-Forward,38,20.0,3.1,7.9,0.391,1.8,5.3,0.345,0.7,0.9,0.8,0.6,1.8,2.4,2.0,0.5,0.2,1.4,8.8,1.1,15.3,0,0
T.J. McConnell,33.0,IND,Guard,79,17.9,4.1,7.9,0.519,0.2,0.6,0.306,0.7,1.0,0.74,0.6,1.9,2.4,4.4,1.1,0.3,1.4,9.1,1.0,21.3,2,0
Taj Gibson,40.0,CHA,Forward,37,11.0,1.3,2.6,0.495,0.0,0.1,0.5,0.3,0.5,0.6,1.4,1.9,3.2,0.6,0.2,0.5,0.7,2.9,1.5,9.1,1,0
Talen Horton-Tucker,24.0,CHI,Guard,58,12.5,2.3,5.0,0.457,0.7,2.1,0.336,1.2,1.7,0.735,0.3,1.4,1.7,1.4,0.4,0.2,0.7,6.5,1.0,11.7,0,0
Tari Eason,24.0,HOU,Forward,57,24.9,4.8,9.8,0.487,1.1,3.2,0.342,1.4,1.8,0.76,2.2,4.1,6.4,1.5,1.7,0.9,1.1,12.0,2.4,28.4,6,0
Taurean Prince,31.0,MIL,Forward,80,27.1,2.9,6.4,0.457,1.8,4.2,0.439,0.5,0.6,0.813,0.4,3.2,3.6,1.9,1.0,0.2,1.0,8.2,2.1,17.8,1,0
Taylor Hendricks,21.0,UTA,Forward,3,24.8,1.3,6.0,0.222,1.0,4.0,0.25,1.0,1.3,0.75,1.7,3.3,5.0,0.7,1.7,1.3,0.7,4.7,2.7,20.0,0,0
Taze Moore,27.0,POR,Guard,2,9.9,1.0,5.0,0.2,0.5,2.0,0.25,0.5,1.0,0.5,2.0,2.0,4.0,0.5,1.0,0.0,1.0,3.0,0.0,10.6,0,0
Terance Mann,28.0,ATL,Guard-Forward,67,21.1,3.1,6.2,0.496,0.9,2.4,0.368,0.7,1.0,0.691,1.0,2.0,3.0,1.8,0.7,0.2,0.7,7.7,1.9,16.1,0,0
Terence Davis,28.0,SAC,Guard,1,7.9,0.0,2.0,0.0,0.0,1.0,0.0,0.0,0.0,0.0,0.0,1.0,1.0,1.0,0.0,0.0,0.0,0.0,0.0,2.7,0,0
Terrence Shannon Jr.,24.0,MIN,Guard-Forward,32,10.6,1.7,3.6,0.482,0.3,1.0,0.355,0.5,0.7,0.81,0.3,1.2,1.5,1.0,0.2,0.2,0.5,4.3,0.8,8.2,1,0
Terry Rozier,31.0,MIA,Guard,64,25.9,3.9,9.9,0.391,1.4,4.8,0.295,1.4,1.7,0.852,0.7,3.0,3.7,2.6,0.6,0.2,1.2,10.6,1.1,20.2,0,0
Terry Taylor,25.0,SAC,Forward,3,2.1,0.0,0.3,0.0,0.0,0.0,0.0,0.0,0.0,0.0,0.3,0.0,0.3,0.7,0.0,0.0,0.0,0.0,0.0,1.4,0,0
Thomas Bryant,27.0,IND,Center-Forward,66,14.6,2.5,4.9,0.508,0.7,2.2,0.324,0.8,1.0,0.859,1.3,2.5,3.8,0.8,0.4,0.6,0.5,6.5,1.2,15.0,1,0
Tidjane Salaün,19.0,CHA,Forward,60,20.7,1.9,5.8,0.33,1.0,3.4,0.283,1.1,1.6,0.713,1.2,3.5,4.7,1.2,0.5,0.2,1.0,5.9,1.4,14.5,2,0
Tim Hardaway Jr.,33.0,DET,Guard-Forward,77,28.0,3.6,8.8,0.406,2.2,5.9,0.368,1.6,1.9,0.855,0.2,2.1,2.4,1.6,0.5,0.1,0.6,11.0,1.2,17.3,0,0
Tobias Harris,32.0,DET,Forward,73,31.6,5.3,11.0,0.477,1.2,3.6,0.345,2.0,2.3,0.861,0.9,5.0,5.9,2.2,1.0,0.8,1.2,13.7,1.9,28.4,5,0
Tolu Smith,24.0,DET,Forward,1,22.4,6.0,9.0,0.667,0.0,0.0,0.0,2.0,3.0,0.667,4.0,4.0,8.0,0.0,0.0,0.0,2.0,14.0,3.0,21.6,0,0
Tony Bradley,27.0,IND,Center-Forward,14,8.1,2.1,3.2,0.644,0.1,0.2,0.333,0.1,0.4,0.333,1.3,1.7,3.0,0.4,0.1,0.6,0.4,4.4,0.8,10.6,1,0
Torrey Craig,34.0,BOS,Forward,26,12.1,1.5,3.5,0.422,0.9,2.5,0.364,0.3,0.5,0.667,1.0,1.8,2.8,0.7,0.3,0.5,0.3,4.2,1.3,10.5,0,0
Tosan Evbuomwan,24.0,BKN,Forward,28,23.7,3.4,7.9,0.427,0.9,2.8,0.312,2.0,2.6,0.753,1.1,3.1,4.3,2.0,0.9,0.4,1.4,9.5,2.0,19.9,0,0
Toumani Camara,25.0,POR,Forward,78,32.7,4.2,9.2,0.458,1.7,4.6,0.375,1.2,1.6,0.722,2.2,3.6,5.8,2.2,1.5,0.6,1.4,11.3,2.9,26.6,4,0
Trae Young,26.0,ATL,Guard,76,36.0,7.4,18.1,0.411,2.9,8.4,0.34,6.5,7.4,0.875,0.5,2.6,3.1,11.6,1.2,0.2,4.7,24.2,1.9,44.7,51,0
Trayce Jackson-Davis,25.0,GSW,Forward,62,15.6,2.8,4.9,0.576,0.0,0.0,0.0,1.0,1.6,0.578,2.0,3.0,5.0,1.7,0.4,0.6,0.7,6.6,1.2,17.3,4,0
Tre Jones,25.0,CHI,Guard,46,19.7,2.8,5.2,0.538,0.4,1.0,0.396,1.2,1.5,0.821,0.7,1.8,2.5,4.2,0.8,0.2,0.8,7.2,1.2,18.8,1,0
Tre Mann,24.0,CHA,Guard,13,24.5,5.4,12.4,0.435,1.8,4.6,0.4,1.5,1.6,0.905,0.9,2.0,2.9,3.0,0.5,0.3,1.9,14.1,1.8,22.7,0,0
Trendon Watford,24.0,BKN,Guard-Forward,44,20.7,3.7,8.0,0.469,0.7,2.0,0.33,2.1,2.8,0.762,0.8,2.8,3.6,2.6,0.6,0.3,1.9,10.2,2.2,19.3,1,0
Trentyn Flowers,20.0,LAC,Forward,6,4.4,0.7,1.8,0.364,0.0,0.3,0.0,0.5,0.5,1.0,0.2,0.5,0.7,0.0,0.0,0.0,0.2,1.8,0.7,2.5,0,0
Trevelin Queen,28.0,ORL,Guard,31,13.9,1.8,4.7,0.381,0.7,2.5,0.286,0.6,0.7,0.857,0.8,0.9,1.7,1.2,1.0,0.3,0.7,4.9,1.2,12.1,0,0
Trey Alexander,22.0,DEN,Guard,24,4.9,0.5,1.7,0.317,0.1,0.7,0.176,0.1,0.2,0.75,0.0,0.5,0.5,0.5,0.1,0.0,0.2,1.3,0.4,2.8,0,0
Trey Jemison III,25.0,LAL,Center,38,10.3,1.1,1.9,0.554,0.0,0.0,0.0,0.3,0.9,0.394,1.2,1.6,2.8,0.4,0.2,0.4,0.6,2.5,1.8,7.7,0,0
Trey Lyles,29.0,SAC,Forward,69,19.6,2.3,5.4,0.42,1.2,3.4,0.34,0.8,1.2,0.7,1.2,3.4,4.6,1.2,0.6,0.3,0.6,6.5,1.2,16.0,1,0
Trey Murphy III,25.0,NOP,Forward,53,35.0,7.2,15.8,0.454,3.0,8.3,0.361,3.8,4.3,0.887,0.9,4.2,5.1,3.5,1.1,0.7,1.9,21.2,2.1,36.0,2,0
Tristan Thompson,34.0,CLE,Center-Forward,40,8.2,0.8,1.8,0.437,0.0,0.1,0.0,0.2,0.8,0.233,0.8,2.6,3.4,0.6,0.0,0.3,0.4,1.7,0.9,7.3,0,0
Tristan Vukcevic,22.0,WAS,Forward,35,14.6,3.4,6.9,0.496,1.1,2.9,0.373,1.5,1.9,0.776,0.7,3.0,3.7,1.1,0.3,0.7,1.2,9.4,1.6,17.3,1,0
Tristan da Silva,24.0,ORL,Forward,74,22.0,2.7,6.5,0.412,1.1,3.2,0.335,0.7,0.9,0.873,1.0,2.3,3.3,1.5,0.4,0.2,0.8,7.2,1.3,14.8,1,0
Tristen Newton,24.0,MIN,Guard,8,2.0,0.1,1.0,0.125,0.0,0.4,0.0,0.1,0.1,1.0,0.2,0.2,0.5,0.2,0.1,0.0,0.2,0.4,0.5,1.5,0,0
Ty Jerome,27.0,CLE,Guard-Forward,70,19.9,4.6,8.8,0.516,1.6,3.6,0.439,1.8,2.1,0.872,0.7,1.8,2.5,3.4,1.1,0.0,1.3,12.5,1.5,22.7,0,0
TyTy Washington Jr.,23.0,PHX,Guard,16,7.4,0.9,2.8,0.311,0.2,1.3,0.19,0.2,0.4,0.5,0.2,0.6,0.8,1.0,0.2,0.0,0.2,2.2,0.2,5.0,0,0
Tyler Herro,25.0,MIA,Guard,77,35.4,8.5,17.9,0.472,3.3,8.7,0.375,3.7,4.2,0.878,0.5,4.7,5.2,5.5,0.9,0.2,2.6,23.9,1.1,39.2,9,0
Tyler Kolek,24.0,NYK,Guard,41,7.2,0.7,2.0,0.329,0.3,1.1,0.298,0.3,0.4,0.765,0.2,0.5,0.7,1.7,0.3,0.1,0.4,2.0,0.6,6.1,0,0
Tyler Smith,20.0,MIL,Forward,23,5.3,1.0,2.2,0.48,0.6,1.3,0.433,0.3,0.3,0.75,0.3,0.8,1.1,0.2,0.1,0.2,0.3,2.9,0.5,5.0,0,0
Tyrese Haliburton,25.0,IND,Guard,73,33.6,6.5,13.8,0.473,3.0,7.7,0.388,2.6,3.0,0.851,0.6,3.0,3.5,9.2,1.4,0.7,1.6,18.6,1.3,41.4,31,0
Tyrese Martin,26.0,BKN,Forward,60,21.9,3.2,7.8,0.406,1.6,4.7,0.351,0.8,1.0,0.793,1.0,2.7,3.6,2.0,0.6,0.2,1.2,8.7,1.3,17.1,1,0
Tyrese Maxey,24.0,PHI,Guard,52,37.7,9.2,21.0,0.437,3.1,9.2,0.337,4.9,5.6,0.879,0.3,3.1,3.3,6.1,1.8,0.4,2.4,26.3,2.2,43.6,8,1
Tyson Etienne,25.0,BKN,Guard,7,21.6,2.4,7.4,0.327,1.9,6.3,0.295,1.1,1.4,0.8,0.4,0.9,1.3,1.7,0.4,0.1,1.1,7.9,2.4,12.5,0,0
Tyus Jones,29.0,PHX,Guard,81,26.8,3.8,8.4,0.448,2.0,5.0,0.414,0.6,0.7,0.895,0.5,1.9,2.4,5.3,0.9,0.1,1.1,10.2,0.8,22.8,6,0
Ulrich Chomche,19.0,TOR,Center,7,4.6,0.3,0.7,0.4,0.0,0.0,0.0,0.1,0.3,0.5,0.6,0.6,1.1,0.3,0.0,0.1,0.3,0.7,0.7,2.7,0,0
Vasilije Micic,31.0,PHX,Guard,41,19.1,2.3,6.7,0.348,1.1,3.0,0.36,0.8,1.0,0.829,0.5,1.7,2.2,3.1,0.4,0.0,1.9,6.6,1.1,13.1,1,0
Victor Wembanyama,21.0,SAS,Forward-Center,46,33.2,8.9,18.6,0.476,3.1,8.8,0.352,3.4,4.1,0.836,1.8,9.2,11.0,3.7,1.1,3.8,3.2,24.3,2.3,54.6,28,1
Vince Williams Jr.,24.0,MEM,Guard,27,18.5,2.5,6.2,0.401,1.0,3.5,0.274,0.7,0.9,0.792,0.8,2.8,3.6,2.0,0.4,0.3,1.2,6.6,1.7,14.9,1,0
Vlatko Čančar,28.0,DEN,Forward,13,10.4,0.8,2.0,0.385,0.3,1.2,0.267,0.0,0.0,0.0,0.5,2.0,2.5,0.7,0.2,0.2,0.8,1.8,0.8,6.1,0,0
Vít Krejčí,25.0,ATL,Guard,57,20.2,2.5,5.1,0.497,1.6,3.6,0.437,0.6,0.8,0.711,0.4,2.4,2.7,2.6,0.6,0.5,0.9,7.2,1.8,16.8,1,0
Walker Kessler,23.0,UTA,Center,58,30.0,4.8,7.2,0.663,0.1,0.6,0.176,1.4,2.6,0.52,4.6,7.6,12.2,1.7,0.6,2.4,1.5,11.1,2.2,35.7,28,0
Wendell Carter Jr.,26.0,ORL,Center-Forward,68,25.9,3.3,7.2,0.46,0.5,2.3,0.234,1.9,2.6,0.737,2.2,5.0,7.2,2.0,0.8,0.6,1.1,9.1,2.9,23.7,10,0
Wendell Moore Jr.,23.0,CHA,Guard,36,13.9,1.6,3.5,0.468,0.4,1.1,0.341,0.5,0.6,0.818,0.8,1.8,2.6,1.2,0.6,0.1,0.8,4.2,0.9,10.4,1,0
Xavier Tillman,26.0,BOS,Forward,33,7.0,0.4,1.6,0.245,0.2,1.0,0.156,0.1,0.1,0.75,0.3,1.0,1.3,0.2,0.3,0.2,0.4,1.0,0.5,3.9,0,0
Yuki Kawamura,24.0,MEM,Guard,22,4.2,0.5,1.4,0.367,0.3,1.0,0.304,0.3,0.4,0.778,0.0,0.5,0.5,0.9,0.1,0.0,0.2,1.6,0.4,3.6,0,0
Yuri Collins,24.0,GSW,Guard,2,8.2,0.5,1.5,0.333,0.0,0.0,0.0,0.0,0.0,0.0,1.0,0.5,1.5,2.0,1.0,0.0,0.0,1.0,2.5,8.8,0,0
Yves Missi,21.0,NOP,Center,73,26.8,3.7,6.7,0.547,0.0,0.0,0.0,1.7,2.8,0.623,3.5,4.7,8.2,1.4,0.5,1.3,1.1,9.1,2.0,25.4,14,0
Zaccharie Risacher,20.0,ATL,Forward,75,24.6,4.8,10.4,0.458,1.6,4.6,0.355,1.4,2.0,0.711,1.1,2.4,3.6,1.2,0.7,0.5,1.2,12.6,2.0,21.0,1,0
Zach Collins,27.0,CHI,Forward-Center,64,15.3,2.4,4.7,0.507,0.5,1.7,0.302,1.1,1.2,0.885,1.6,2.9,4.5,1.7,0.5,0.5,0.9,6.4,2.1,16.1,4,0
Zach Edey,23.0,MEM,Center,66,21.5,3.8,6.6,0.58,0.3,0.8,0.346,1.4,1.9,0.709,3.5,4.8,8.3,1.0,0.5,1.3,1.3,9.2,2.8,24.8,12,0
Zach LaVine,30.0,SAC,Guard,74,35.2,8.4,16.5,0.511,3.2,7.2,0.446,3.2,3.9,0.825,0.3,4.0,4.3,4.2,0.8,0.2,2.8,23.3,1.6,34.7,6,0
Zeke Nnaji,24.0,DEN,Forward-Center,57,10.7,1.2,2.5,0.496,0.3,0.9,0.327,0.5,0.8,0.614,0.6,1.0,1.6,0.4,0.4,0.7,0.2,3.2,1.1,8.8,0,0
Ziaire Williams,23.0,BKN,Forward,63,24.5,3.4,8.3,0.412,1.6,4.8,0.341,1.6,2.0,0.821,1.0,3.6,4.6,1.3,1.0,0.4,1.1,10.0,2.4,20.7,2,0
Zion Williamson,24.0,NOP,Forward,30,28.6,9.6,16.9,0.567,0.1,0.4,0.231,5.3,8.0,0.656,2.5,4.7,7.2,5.3,1.2,0.9,3.0,24.6,2.7,44.6,8,2
Zyon Pullin,24.0,MEM,Guard,3,0.9,0.0,0.3,0.0,0.0,0.0,0.0,0.0,0.0,0.0,0.0,0.0,0.0,0.0,0.0,0.0,0.0,0.0,0.0,0.0,0,0
